slide_id,source,predicted_class,predicted_name,predicted_short,confidence,prob_normal,prob_g3,prob_g4,prob_g5,num_patches,error
TCGA-2A-A8VL-01A-02-TS2.AFBBB2D5-39E6-434A-B6E5-779DD8217DCD,TCGA-PRAD,1,G3,G3,0.33803999423980713,0.21112848818302155,0.33803999423980713,0.21967904269695282,0.2311524599790573,1994,
TCGA-2A-A8VL-01Z-00-DX1.2C2BD6EF-EC17-4117-AE89-A22B67AFB233,TCGA-PRAD,2,G4,G4,0.5579606294631958,0.0035357812885195017,0.05724029615521431,0.5579606294631958,0.3812633454799652,21136,
TCGA-2A-A8VO-01A-01-TSA.F8393D57-1CEB-4543-AC91-78098DD4D266,TCGA-PRAD,1,G3,G3,0.329586923122406,0.18983131647109985,0.329586923122406,0.2191959172487259,0.26138588786125183,3231,
TCGA-2A-A8VO-01Z-00-DX1.3A69CC37-B066-4529-B1BE-AD155983AAA7,TCGA-PRAD,2,G4,G4,0.583006739616394,0.002631015609949827,0.06070243567228317,0.583006739616394,0.3536597788333893,28375,
TCGA-2A-A8VT-01A-01-TS1.7AD592ED-2D74-4907-BBC5-6D8510A1AEF4,TCGA-PRAD,3,G5,G5,0.3255791962146759,0.11881953477859497,0.3072092533111572,0.2483920305967331,0.3255791962146759,2314,
TCGA-2A-A8VT-01Z-00-DX1.F2CD9AAB-7B40-46A4-832B-1279A8A77737,TCGA-PRAD,3,G5,G5,0.6998226642608643,0.013314329087734222,0.06429710239171982,0.22256585955619812,0.6998226642608643,18858,
TCGA-2A-A8VV-01A-01-TS1.A68F239E-AE29-4CEB-BEC5-251465B5AB08,TCGA-PRAD,1,G3,G3,0.3264557123184204,0.20511214435100555,0.3264557123184204,0.22015440464019775,0.2482777237892151,2133,
TCGA-2A-A8VV-01Z-00-DX1.DD094519-863E-42EF-8B36-F52418265E3E,TCGA-PRAD,2,G4,G4,0.5704900026321411,0.004943440668284893,0.07869506627321243,0.5704900026321411,0.3458714485168457,12832,
TCGA-2A-A8VX-01A-01-TSA.E697DF9D-58CF-468C-AF29-A26F44757653,TCGA-PRAD,1,G3,G3,0.2943556010723114,0.1657697558403015,0.2943556010723114,0.25705355405807495,0.2828211486339569,2053,
TCGA-2A-A8VX-01Z-00-DX1.2A244F16-C24E-4CE9-8820-9E36B5441EC7,TCGA-PRAD,3,G5,G5,0.5678295493125916,0.005056232679635286,0.059104256331920624,0.368010014295578,0.5678295493125916,12899,
TCGA-2A-A8W1-01A-01-TS1.91B29B87-640B-492F-93CA-4CDB89D06C52,TCGA-PRAD,1,G3,G3,0.3202298879623413,0.15057474374771118,0.3202298879623413,0.25991520285606384,0.2692800462245941,2283,
TCGA-2A-A8W1-01Z-00-DX1.0CA35481-A243-4722-B3E5-4FB25EC9F6C0,TCGA-PRAD,2,G4,G4,0.4874439835548401,0.003000338561832905,0.05968968942761421,0.4874439835548401,0.4498659670352936,6176,
TCGA-2A-A8W3-01A-01-TS1.B6A39AB4-9AFD-4141-80A1-D35A34CEA308,TCGA-PRAD,3,G5,G5,0.29457753896713257,0.15251424908638,0.28511372208595276,0.26779451966285706,0.29457753896713257,1756,
TCGA-2A-A8W3-01Z-00-DX1.CC00522F-8A47-4C63-B9CC-F215F9EAAFBA,TCGA-PRAD,3,G5,G5,0.5893325805664062,0.0031005924101918936,0.04596109688282013,0.36160576343536377,0.5893325805664062,16947,
TCGA-2A-AAYF-01A-01-TS1.D1950A66-4200-4AA6-AC22-5753398182DF,TCGA-PRAD,1,G3,G3,0.365202933549881,0.19115453958511353,0.365202933549881,0.21998897194862366,0.22365355491638184,2011,
TCGA-2A-AAYF-01Z-00-DX1.D0ADEB9A-37A4-451C-B91C-4AB014A6857A,TCGA-PRAD,2,G4,G4,0.5662228465080261,0.005515142809599638,0.0841095894575119,0.5662228465080261,0.34415242075920105,21499,
TCGA-2A-AAYO-01A-01-TS1.0E6D0F65-C497-4902-961C-382D15736673,TCGA-PRAD,1,G3,G3,0.3045930564403534,0.20761089026927948,0.3045930564403534,0.23146843910217285,0.25632762908935547,2197,
TCGA-2A-AAYO-01Z-00-DX1.A5BB3437-956A-4A42-AC28-1217B8016970,TCGA-PRAD,2,G4,G4,0.6023215651512146,0.006249817553907633,0.09269044548273087,0.6023215651512146,0.2987382113933563,32354,
TCGA-2A-AAYU-01A-01-TSA.98BA12F2-611D-4EB0-81E6-859C4221AB55,TCGA-PRAD,1,G3,G3,0.2927156090736389,0.20018604397773743,0.2927156090736389,0.22824710607528687,0.2788512706756592,2755,
TCGA-2A-AAYU-01Z-00-DX1.F3FFE8F2-86B0-4552-A369-15DBB9C3B035,TCGA-PRAD,2,G4,G4,0.5173267722129822,0.004231603816151619,0.06825239956378937,0.5173267722129822,0.4101892411708832,24298,
TCGA-4L-AA1F-01A-01-TS1.A9CC88BC-25E5-4659-9516-601403819306,TCGA-PRAD,3,G5,G5,0.31720882654190063,0.20873263478279114,0.2432674914598465,0.23079100251197815,0.31720882654190063,2414,
TCGA-4L-AA1F-01Z-00-DX1.D793A68B-6E98-477B-8C29-4347939C97CF,TCGA-PRAD,3,G5,G5,0.507988691329956,0.0464261993765831,0.1312330663204193,0.3143520951271057,0.507988691329956,5479,
TCGA-CH-5737-01A-01-BS1.af8ace42-371c-4003-a16b-4966da0c0cfc,TCGA-PRAD,1,G3,G3,0.3095380365848541,0.19915559887886047,0.3095380365848541,0.238543301820755,0.252763032913208,196,
TCGA-CH-5737-01A-01-TS1.ed1696b6-8897-47f6-8996-82c8521c1add,TCGA-PRAD,1,G3,G3,0.31669312715530396,0.18605737388134003,0.31669312715530396,0.23802228271961212,0.2592272162437439,443,
TCGA-CH-5737-01Z-00-DX1.beeda9ae-cb8c-4534-8438-081302b482cf,TCGA-PRAD,2,G4,G4,0.3192936182022095,0.09861882030963898,0.2692469358444214,0.3192936182022095,0.31284070014953613,3286,
TCGA-CH-5738-01A-01-BS1.c9128315-cc85-4785-99b1-e28aa602d529,TCGA-PRAD,1,G3,G3,0.29626762866973877,0.20658807456493378,0.29626762866973877,0.22902946174144745,0.2681148648262024,555,
TCGA-CH-5738-01A-01-TS1.8ab47b68-e420-431a-b810-83867777c04d,TCGA-PRAD,1,G3,G3,0.32549476623535156,0.19857154786586761,0.32549476623535156,0.2296847552061081,0.24624896049499512,409,
TCGA-CH-5738-01Z-00-DX1.fcb841b3-9257-48a4-b175-26df4227b0ce,TCGA-PRAD,3,G5,G5,0.3187008500099182,0.11008228361606598,0.2682977318763733,0.30291908979415894,0.3187008500099182,3121,
TCGA-CH-5739-01A-01-BS1.a927a903-38a7-47ff-a7c9-723dba17e8a1,TCGA-PRAD,3,G5,G5,0.30563294887542725,0.15308578312397003,0.28185179829597473,0.2594294846057892,0.30563294887542725,485,
TCGA-CH-5739-01A-01-TS1.65fcc97c-40f6-4b59-aada-4092bfa43928,TCGA-PRAD,1,G3,G3,0.314668208360672,0.16951343417167664,0.314668208360672,0.24483640491962433,0.27098193764686584,282,
TCGA-CH-5739-01Z-00-DX1.11b90c0d-e024-4aa2-8140-30f0140a1701,TCGA-PRAD,3,G5,G5,0.3312729597091675,0.1252087950706482,0.25546759366989136,0.2880506217479706,0.3312729597091675,1740,
TCGA-CH-5740-01A-01-BS1.3950d3cb-77cd-46eb-9aa9-1c38160f4145,TCGA-PRAD,1,G3,G3,0.3191680610179901,0.19605006277561188,0.3191680610179901,0.2349317967891693,0.2498500645160675,837,
TCGA-CH-5740-01A-01-TS1.ddc95a45-4cc7-4639-b68a-cefcb6a65884,TCGA-PRAD,1,G3,G3,0.32278820872306824,0.19669631123542786,0.32278820872306824,0.24682193994522095,0.23369349539279938,723,
TCGA-CH-5740-01Z-00-DX1.cf299b59-b69b-4ab3-b7ad-85eaca24e641,TCGA-PRAD,2,G4,G4,0.335031658411026,0.09422145038843155,0.28248441219329834,0.335031658411026,0.28826239705085754,5220,
TCGA-CH-5741-01A-01-BS1.63c4d759-741a-47a0-9040-a1005dbf4c5a,TCGA-PRAD,3,G5,G5,0.31305766105651855,0.18459780514240265,0.2804250121116638,0.22191952168941498,0.31305766105651855,204,
TCGA-CH-5741-01A-01-TS1.84192b00-7524-43d9-bfc5-f884e185ffb4,TCGA-PRAD,3,G5,G5,0.3112371265888214,0.18737085163593292,0.27243804931640625,0.22895397245883942,0.3112371265888214,325,
TCGA-CH-5741-01Z-00-DX1.521619ea-bb1f-4bbf-8dff-1d69b6b45d08,TCGA-PRAD,3,G5,G5,0.3290531039237976,0.10356760770082474,0.24403949081897736,0.3233398199081421,0.3290531039237976,3302,
TCGA-CH-5743-01A-01-BS1.bdd72a99-8608-45af-bd3d-6ea00a99510e,TCGA-PRAD,1,G3,G3,0.31960761547088623,0.2037907838821411,0.31960761547088623,0.2139434814453125,0.2626580595970154,209,
TCGA-CH-5743-01Z-00-DX1.d775c0bd-8c32-45b1-a6d2-afd4e17ec649,TCGA-PRAD,3,G5,G5,0.3112683892250061,0.11363708227872849,0.3087693452835083,0.26632511615753174,0.3112683892250061,3523,
TCGA-CH-5744-01A-01-BS1.6bb9c4b2-87d0-48da-b1c5-a78629dd2021,TCGA-PRAD,3,G5,G5,0.30534252524375916,0.14516466856002808,0.30317792296409607,0.2463148683309555,0.30534252524375916,104,
TCGA-CH-5744-01A-01-TS1.77d7a80d-9b03-4948-a229-3bf9c29a870a,TCGA-PRAD,1,G3,G3,0.309818834066391,0.156839519739151,0.309818834066391,0.25001150369644165,0.28333020210266113,354,
TCGA-CH-5744-01Z-00-DX1.ae8a6754-a41d-4227-b48c-0258d7bc500a,TCGA-PRAD,3,G5,G5,0.3345510959625244,0.09479991346597672,0.2774004638195038,0.2932485044002533,0.3345510959625244,2712,
TCGA-CH-5745-01A-01-BS1.ff1ac81f-7df1-4306-85f9-9d76e9cd797c,TCGA-PRAD,1,G3,G3,0.31907662749290466,0.19672220945358276,0.31907662749290466,0.23266994953155518,0.2515312433242798,154,
TCGA-CH-5745-01A-01-TS1.45aa887f-7281-4282-87bb-a4f44340e0d9,TCGA-PRAD,3,G5,G5,0.28575143218040466,0.2017752081155777,0.282713383436203,0.22975999116897583,0.28575143218040466,204,
TCGA-CH-5745-01Z-00-DX1.49835389-232e-4c7f-8550-1501b402d698,TCGA-PRAD,3,G5,G5,0.3472834825515747,0.11408888548612595,0.2419080138206482,0.29671967029571533,0.3472834825515747,2462,
TCGA-CH-5746-01A-01-TS1.8002c3ed-faf3-4ac9-aeda-b81fe7fa83c4,TCGA-PRAD,1,G3,G3,0.3364962935447693,0.2148209661245346,0.3364962935447693,0.22207291424274445,0.22660990059375763,287,
TCGA-CH-5746-01Z-00-DX1.5d6bab11-b652-4730-80ee-7a0dc6bfc806,TCGA-PRAD,3,G5,G5,0.3051321506500244,0.12491925060749054,0.2923066020011902,0.2776419222354889,0.3051321506500244,1970,
TCGA-CH-5748-01A-01-BS1.2ed7b5fd-f971-405d-a191-68fbc5464da0,TCGA-PRAD,1,G3,G3,0.35961437225341797,0.17578324675559998,0.35961437225341797,0.2303488701581955,0.23425348103046417,521,
TCGA-CH-5748-01A-01-TS1.481e4b06-2a69-449c-bf4e-543e5f8c98e0,TCGA-PRAD,1,G3,G3,0.34053394198417664,0.1582574099302292,0.34053394198417664,0.2405529022216797,0.26065579056739807,400,
TCGA-CH-5748-01Z-00-DX1.032202f2-70c0-4115-99ff-1cecf4042e07,TCGA-PRAD,2,G4,G4,0.315823495388031,0.09093093872070312,0.2802194058895111,0.315823495388031,0.31302616000175476,5145,
TCGA-CH-5750-01A-01-BS1.6851987a-ac23-412e-9cd4-30ecde3cf982,TCGA-PRAD,1,G3,G3,0.30889785289764404,0.15874578058719635,0.30889785289764404,0.24902090430259705,0.283335417509079,225,
TCGA-CH-5750-01A-01-TS1.f18271cd-defa-4088-9335-9f341b969e5a,TCGA-PRAD,1,G3,G3,0.3237554430961609,0.15214985609054565,0.3237554430961609,0.2596774399280548,0.26441723108291626,479,
TCGA-CH-5750-01Z-00-DX1.88db9d82-82c0-44b7-87b2-6e3bcdfb58ad,TCGA-PRAD,3,G5,G5,0.2936159074306488,0.1621207594871521,0.2556719183921814,0.2885914146900177,0.2936159074306488,11809,
TCGA-CH-5751-01A-01-BS1.24b385ff-59dd-472a-8ff0-f5fbcc706998,TCGA-PRAD,3,G5,G5,0.2799217998981476,0.2521092891693115,0.24281783401966095,0.22515106201171875,0.2799217998981476,441,
TCGA-CH-5751-01A-01-TS1.2c6964db-b4ff-4c9e-82cf-c4080f9a6d59,TCGA-PRAD,3,G5,G5,0.2894783318042755,0.2574364244937897,0.23712146282196045,0.21596375107765198,0.2894783318042755,514,
TCGA-CH-5751-01Z-00-DX1.6bacc42c-0cc1-4210-80b4-14695e4c6ba2,TCGA-PRAD,2,G4,G4,0.32137203216552734,0.12168426811695099,0.24772445857524872,0.32137203216552734,0.30921924114227295,1884,
TCGA-CH-5752-01A-01-BS1.f8014a30-a190-4198-94d7-fc9e841fdc67,TCGA-PRAD,3,G5,G5,0.30581188201904297,0.20913271605968475,0.24821901321411133,0.23683638870716095,0.30581188201904297,144,
TCGA-CH-5752-01A-01-TS1.835ed182-483e-4479-a28e-a2df1722d3c1,TCGA-PRAD,3,G5,G5,0.319338858127594,0.19612514972686768,0.24339716136455536,0.24113884568214417,0.319338858127594,343,
TCGA-CH-5752-01Z-00-DX1.3a204644-6fa2-4bbd-a2b0-d40f13385dcf,TCGA-PRAD,2,G4,G4,0.3099682629108429,0.10143367201089859,0.280551940202713,0.3099682629108429,0.30804604291915894,3644,
TCGA-CH-5753-01A-01-BS1.4311c533-f9c1-4c6f-8b10-922daa3c2e3e,TCGA-PRAD,3,G5,G5,0.2989574074745178,0.1743948757648468,0.291566401720047,0.23508131504058838,0.2989574074745178,282,
TCGA-CH-5753-01A-01-TS1.11fde5fd-97ec-4fb9-8ac2-1c08f47cf6a0,TCGA-PRAD,1,G3,G3,0.30734071135520935,0.16095024347305298,0.30734071135520935,0.2444494664669037,0.287259578704834,397,
TCGA-CH-5753-01Z-00-DX1.c503402e-b8a1-471f-87fe-8aab40bec07a,TCGA-PRAD,2,G4,G4,0.31993916630744934,0.12622065842151642,0.2408715933561325,0.31993916630744934,0.3129686117172241,3824,
TCGA-CH-5754-01A-01-BS1.5a23846e-17da-486b-95ba-2a982563a9c1,TCGA-PRAD,3,G5,G5,0.32371973991394043,0.21198150515556335,0.23299112915992737,0.23130758106708527,0.32371973991394043,339,
TCGA-CH-5754-01A-01-TS1.12486c1b-5dfe-429b-8a7d-75ab3889420a,TCGA-PRAD,3,G5,G5,0.3340270221233368,0.21318842470645905,0.22742433845996857,0.2253602296113968,0.3340270221233368,384,
TCGA-CH-5754-01Z-00-DX1.4dae6511-baa2-4472-b625-a41c9c95dec8,TCGA-PRAD,3,G5,G5,0.3044930696487427,0.15859125554561615,0.2374429702758789,0.2994726896286011,0.3044930696487427,2685,
TCGA-CH-5761-01A-01-BS1.04e87587-e08e-49d8-a3c2-3c62ad6d38eb,TCGA-PRAD,3,G5,G5,0.2860851287841797,0.20271238684654236,0.25717929005622864,0.25402316451072693,0.2860851287841797,161,
TCGA-CH-5761-01A-01-TS1.f0afb316-7cac-4858-ae7d-5df9ae3c7b09,TCGA-PRAD,3,G5,G5,0.28849801421165466,0.21338070929050446,0.24643012881278992,0.2516911029815674,0.28849801421165466,411,
TCGA-CH-5761-01Z-00-DX1.8a1146c7-cd4b-40fd-b609-cc2b80060d56,TCGA-PRAD,1,G3,G3,0.3108517825603485,0.08668690919876099,0.3108517825603485,0.30096542835235596,0.3014959394931793,1919,
TCGA-CH-5761-11A-01-TS1.bf06da2a-34df-46d6-929f-fdccb3e40053,TCGA-PRAD,1,G3,G3,0.3085527718067169,0.23884038627147675,0.3085527718067169,0.2054063379764557,0.24720050394535065,326,
TCGA-CH-5762-01A-01-BS1.87418459-e116-4acf-8840-8595473affa2,TCGA-PRAD,1,G3,G3,0.30488649010658264,0.196290984749794,0.30488649010658264,0.2251448631286621,0.27367764711380005,195,
TCGA-CH-5762-01A-01-TS1.b409b534-326c-46b6-b6fa-eada850e6afe,TCGA-PRAD,1,G3,G3,0.29477155208587646,0.2114795744419098,0.29477155208587646,0.21501418948173523,0.27873462438583374,406,
TCGA-CH-5762-01Z-00-DX1.13c73407-5fdb-4109-91df-a224a0a6dce2,TCGA-PRAD,2,G4,G4,0.3223402202129364,0.12799687683582306,0.24557147920131683,0.3223402202129364,0.3040914237499237,4367,
TCGA-CH-5762-11A-01-TS1.a184b0f9-b5db-432d-a224-a4102e5dece0,TCGA-PRAD,1,G3,G3,0.31763654947280884,0.20581834018230438,0.31763654947280884,0.22645531594753265,0.25008976459503174,431,
TCGA-CH-5763-01A-01-BS1.d971c728-7268-4448-9ee1-530c1549488a,TCGA-PRAD,1,G3,G3,0.3329630494117737,0.20413769781589508,0.3329630494117737,0.22137194871902466,0.24152733385562897,406,
TCGA-CH-5763-01A-01-TS1.30829aed-f4a0-4de4-94a6-c942d8697635,TCGA-PRAD,1,G3,G3,0.3244544267654419,0.2054590880870819,0.3244544267654419,0.2200821191072464,0.2500043511390686,631,
TCGA-CH-5763-01Z-00-DX1.7d4eff47-8d99-41d4-87f0-163b2cb034bf,TCGA-PRAD,3,G5,G5,0.33077272772789,0.11305800080299377,0.26658812165260315,0.28958114981651306,0.33077272772789,5695,
TCGA-CH-5763-11A-01-TS1.761b6b94-2e9e-4308-bac1-558f678e4761,TCGA-PRAD,1,G3,G3,0.3048279583454132,0.21038301289081573,0.3048279583454132,0.21702264249324799,0.2677663564682007,443,
TCGA-CH-5764-01A-01-BS1.b954efee-1903-4612-83dc-0551263d8d7f,TCGA-PRAD,3,G5,G5,0.29243001341819763,0.21861205995082855,0.2780287265777588,0.21092915534973145,0.29243001341819763,386,
TCGA-CH-5764-01Z-00-DX1.153078f9-e6c0-48f4-af0a-5a6eb83082e7,TCGA-PRAD,3,G5,G5,0.33214473724365234,0.10257119685411453,0.2617323100566864,0.3035517930984497,0.33214473724365234,2065,
TCGA-CH-5764-11A-01-TS1.715fc22a-53fd-4009-97f9-185a12e2bc73,TCGA-PRAD,3,G5,G5,0.2835201025009155,0.22687941789627075,0.2681066691875458,0.22149378061294556,0.2835201025009155,729,
TCGA-CH-5765-01A-01-BS1.da2fb151-47ab-430a-a4ad-3419dd1dacb4,TCGA-PRAD,1,G3,G3,0.32914289832115173,0.2245435118675232,0.32914289832115173,0.2131653130054474,0.23314829170703888,274,
TCGA-CH-5765-01A-01-TS1.b8f72b0b-0cd5-4168-aae6-948af41758b0,TCGA-PRAD,1,G3,G3,0.31834694743156433,0.2218727022409439,0.31834694743156433,0.21691247820854187,0.2428678274154663,465,
TCGA-CH-5765-01Z-00-DX1.ee77679a-ef5a-4326-b72c-497532f60fb0,TCGA-PRAD,3,G5,G5,0.32542935013771057,0.10164258629083633,0.24859106540679932,0.32433703541755676,0.32542935013771057,3448,
TCGA-CH-5765-11A-01-TS1.2a1faf76-526b-4581-b947-e8d733674df7,TCGA-PRAD,1,G3,G3,0.31428247690200806,0.2421402782201767,0.31428247690200806,0.21471519768238068,0.2288619428873062,144,
TCGA-CH-5766-01A-01-BS1.d829c5d0-ccd6-4d87-9310-3fd7f1a049e3,TCGA-PRAD,1,G3,G3,0.32242724299430847,0.18813036382198334,0.32242724299430847,0.24669988453388214,0.24274247884750366,118,
TCGA-CH-5766-01A-01-TS1.3ed95f88-8a5b-452f-9fd6-1c0eed0533a3,TCGA-PRAD,1,G3,G3,0.3008001744747162,0.17873525619506836,0.3008001744747162,0.25404393672943115,0.2664206326007843,294,
TCGA-CH-5766-01Z-00-DX1.ea679de9-2957-4958-a11a-6005b456bf87,TCGA-PRAD,1,G3,G3,0.2949064373970032,0.11816544830799103,0.2949064373970032,0.2942488491535187,0.29267922043800354,2798,
TCGA-CH-5766-11A-01-TS1.76df0da3-9920-4a75-8d57-c6fb241197d3,TCGA-PRAD,1,G3,G3,0.3095513582229614,0.2269657403230667,0.3095513582229614,0.21067330241203308,0.2528095245361328,394,
TCGA-CH-5767-01A-01-BS1.79efa197-a70e-4181-bc97-b5ba1724907e,TCGA-PRAD,1,G3,G3,0.3333650827407837,0.19275401532649994,0.3333650827407837,0.22971473634243011,0.24416615068912506,268,
TCGA-CH-5767-01A-01-TS1.87f2b2fc-72bd-4666-9939-07f3590d7d6f,TCGA-PRAD,1,G3,G3,0.3400488793849945,0.12563543021678925,0.3400488793849945,0.27742844820022583,0.2568872272968292,346,
TCGA-CH-5767-01Z-00-DX1.5a8d8c09-2837-4981-9c43-defa67d2a3fc,TCGA-PRAD,2,G4,G4,0.3203968405723572,0.07958440482616425,0.3151228427886963,0.3203968405723572,0.2848958671092987,2982,
TCGA-CH-5767-11B-01-TS1.aa97a0e4-e244-480e-9e06-b2384cbb0bf6,TCGA-PRAD,1,G3,G3,0.29361456632614136,0.21589751541614532,0.29361456632614136,0.23208174109458923,0.25840622186660767,288,
TCGA-CH-5768-01A-01-BS1.df7eb299-50bb-4512-b7f4-e42c6ee6ae44,TCGA-PRAD,1,G3,G3,0.3081863522529602,0.2079496830701828,0.3081863522529602,0.2330702841281891,0.2507937550544739,281,
TCGA-CH-5768-01A-01-TS1.d1d680c3-c16b-4481-a597-e617608469c0,TCGA-PRAD,1,G3,G3,0.32456254959106445,0.20814473927021027,0.32456254959106445,0.22599026560783386,0.24130240082740784,180,
TCGA-CH-5768-01Z-00-DX1.4c6626ea-a1fb-4aca-8970-a40035025174,TCGA-PRAD,3,G5,G5,0.3214884400367737,0.11972114443778992,0.2557806968688965,0.3030097186565399,0.3214884400367737,1830,
TCGA-CH-5768-11A-01-TS1.b9c723e2-6aa7-4357-8a25-715133eec625,TCGA-PRAD,1,G3,G3,0.2935601472854614,0.2152375876903534,0.2935601472854614,0.23081006109714508,0.2603922486305237,311,
TCGA-CH-5769-01A-01-BS1.3218f632-e6a5-4d08-9cdf-c5a834925b3e,TCGA-PRAD,3,G5,G5,0.2910286784172058,0.2156316637992859,0.25521671772003174,0.23812302947044373,0.2910286784172058,326,
TCGA-CH-5769-01A-01-TS1.7b56e75b-9098-4afb-8bfc-acf74ff72f77,TCGA-PRAD,3,G5,G5,0.2878662943840027,0.21810278296470642,0.26034489274024963,0.23368598520755768,0.2878662943840027,495,
TCGA-CH-5769-01Z-00-DX1.cd4fbd94-7698-43e6-92e7-d6f52888de6a,TCGA-PRAD,3,G5,G5,0.3597026467323303,0.10077082365751266,0.24261480569839478,0.29691171646118164,0.3597026467323303,3597,
TCGA-CH-5769-11A-01-TS1.ed01f158-12e7-403f-9c4e-e5e101a6e805,TCGA-PRAD,1,G3,G3,0.29272380471229553,0.20932058990001678,0.29272380471229553,0.22363008558750153,0.27432554960250854,375,
TCGA-CH-5771-01A-01-BS1.f6b5c355-7658-463f-b664-21933958b6e7,TCGA-PRAD,3,G5,G5,0.31375938653945923,0.20962156355381012,0.2617521286010742,0.21486695110797882,0.31375938653945923,342,
TCGA-CH-5771-11A-01-TS1.b3ce3d9b-d27b-4b6b-8bc7-7569486abdb1,TCGA-PRAD,1,G3,G3,0.3021358549594879,0.19590501487255096,0.3021358549594879,0.23603986203670502,0.2659192681312561,298,
TCGA-CH-5772-01A-01-BS1.f02d86c3-b8bf-4750-b37b-75ad1b5c92fe,TCGA-PRAD,3,G5,G5,0.3052889108657837,0.16719159483909607,0.2817201614379883,0.245799258351326,0.3052889108657837,448,
TCGA-CH-5772-01A-01-TS1.fbbd25a3-14a6-4a8b-a5e2-0fe124b56cf6,TCGA-PRAD,1,G3,G3,0.29977256059646606,0.1715220808982849,0.29977256059646606,0.24055300652980804,0.28815239667892456,373,
TCGA-CH-5772-11A-01-TS1.af73f2d1-f6a5-4fba-bd82-70000140b275,TCGA-PRAD,1,G3,G3,0.3375949263572693,0.2236170470714569,0.3375949263572693,0.21589207649230957,0.22289590537548065,225,
TCGA-CH-5788-01A-01-BS1.c4e36368-30be-4dc8-9931-279afeeea401,TCGA-PRAD,1,G3,G3,0.28256478905677795,0.19946041703224182,0.28256478905677795,0.23579752445220947,0.2821773290634155,251,
TCGA-CH-5788-01A-01-TS1.441e3c3c-3cc0-4091-ad90-0d3604783a25,TCGA-PRAD,3,G5,G5,0.30144378542900085,0.18998759984970093,0.2747395634651184,0.23382912576198578,0.30144378542900085,388,
TCGA-CH-5789-01A-01-BS1.2f307be7-3796-466f-b69e-9a8d06276be9,TCGA-PRAD,3,G5,G5,0.28081169724464417,0.19247178733348846,0.27753064036369324,0.24918586015701294,0.28081169724464417,150,
TCGA-CH-5789-01A-01-TS1.53cab2ce-e2fc-4124-ac74-14ff2cd6609e,TCGA-PRAD,1,G3,G3,0.312862366437912,0.1894543468952179,0.312862366437912,0.24230219423770905,0.25538110733032227,352,
TCGA-CH-5790-01A-01-BS1.e1f8b10a-fd0a-41d2-befc-da936e06a725,TCGA-PRAD,1,G3,G3,0.3331186771392822,0.17979484796524048,0.3331186771392822,0.24572603404521942,0.24136047065258026,131,
TCGA-CH-5790-01A-01-TS1.ae273186-5cb0-47e0-a9d4-b15dffee23a9,TCGA-PRAD,1,G3,G3,0.3302910625934601,0.1571146845817566,0.3302910625934601,0.25023409724235535,0.2623601257801056,235,
TCGA-CH-5791-01A-01-BS1.e88ddc0f-960a-4bf3-8503-dfd85253ec7f,TCGA-PRAD,3,G5,G5,0.2999691367149353,0.18112878501415253,0.2912639379501343,0.22763818502426147,0.2999691367149353,214,
TCGA-CH-5791-01A-01-TS1.3f0ef12a-4db6-4cd5-a5f0-5247e88691fd,TCGA-PRAD,3,G5,G5,0.3030764162540436,0.17486262321472168,0.287151038646698,0.23490992188453674,0.3030764162540436,301,
TCGA-CH-5792-01A-01-BS1.18386bdd-79ad-49ce-8275-9ecd3b25950e,TCGA-PRAD,3,G5,G5,0.33188551664352417,0.15890054404735565,0.27955228090286255,0.2296617180109024,0.33188551664352417,359,
TCGA-CH-5792-01A-01-TS1.116c4e22-985e-40b0-8c5d-f9095fe0a05f,TCGA-PRAD,3,G5,G5,0.33668795228004456,0.17432866990566254,0.27432218194007874,0.21466119587421417,0.33668795228004456,540,
TCGA-CH-5794-01A-01-BS1.b62d1bf3-a21b-4991-b876-19eab36b4366,TCGA-PRAD,1,G3,G3,0.294265478849411,0.2254701405763626,0.294265478849411,0.2248738706111908,0.2553905248641968,112,
TCGA-CH-5794-01A-01-TS1.49194785-4457-4ac9-9d69-a62758d074ea,TCGA-PRAD,1,G3,G3,0.2994815409183502,0.1967342048883438,0.2994815409183502,0.2240840196609497,0.27970027923583984,171,
TCGA-EJ-5494-01A-01-BS1.4617dbb2-0f18-4142-b2c8-cee5160f7da7,TCGA-PRAD,3,G5,G5,0.2925615906715393,0.20279401540756226,0.2729770839214325,0.23166732490062714,0.2925615906715393,969,
TCGA-EJ-5494-01A-01-TS1.868a97bc-d4ee-4eca-ad5f-46b57205bb90,TCGA-PRAD,3,G5,G5,0.2872406840324402,0.21043264865875244,0.2764078676700592,0.22591879963874817,0.2872406840324402,1463,
TCGA-EJ-5494-01Z-00-DX1.f466c17c-4671-45e0-aca9-0ceeec2c0280,TCGA-PRAD,2,G4,G4,0.688666820526123,0.004683418199419975,0.15200480818748474,0.688666820526123,0.1546448916196823,11961,
TCGA-EJ-5495-01A-01-BS1.64c2f5c8-36bf-4d76-808f-55c3a3d6e4c6,TCGA-PRAD,1,G3,G3,0.28614479303359985,0.2139780968427658,0.28614479303359985,0.21435779333114624,0.28551924228668213,1053,
TCGA-EJ-5495-01A-01-TS1.6a9fb9eb-1a0f-44d9-bade-326e7d9397ea,TCGA-PRAD,3,G5,G5,0.297701358795166,0.21227705478668213,0.28325319290161133,0.20676836371421814,0.297701358795166,1163,
TCGA-EJ-5495-01Z-00-DX1.0db6207b-4cc6-463c-8b9e-6bd6f67b7b62,TCGA-PRAD,2,G4,G4,0.4607912003993988,0.008843284100294113,0.12282557040452957,0.4607912003993988,0.40753990411758423,8331,
TCGA-EJ-5496-01A-01-BS1.3102b4d8-f68e-44d6-8c9e-297f21fcb279,TCGA-PRAD,1,G3,G3,0.3423709571361542,0.22159533202648163,0.3423709571361542,0.21006368100643158,0.2259700894355774,188,
TCGA-EJ-5496-01A-01-TS1.ed9e9169-ecef-41ee-a8c4-3b46ce458567,TCGA-PRAD,1,G3,G3,0.3450597822666168,0.21742497384548187,0.3450597822666168,0.21151606738567352,0.22599919140338898,453,
TCGA-EJ-5496-01Z-00-DX1.bdc719db-96ae-42bb-b82f-9cf6e6f957d5,TCGA-PRAD,2,G4,G4,0.7025372982025146,0.004070419818162918,0.15122655034065247,0.7025372982025146,0.14216570556163788,10399,
TCGA-EJ-5497-01A-01-BS1.67223212-ff32-4ecc-8058-5bd593ce537b,TCGA-PRAD,1,G3,G3,0.34955576062202454,0.1749095320701599,0.34955576062202454,0.23467865586280823,0.24085596203804016,1069,
TCGA-EJ-5497-01Z-00-DX1.59c034ce-0c62-4b41-bd14-5e50d1584ae0,TCGA-PRAD,2,G4,G4,0.6476433277130127,0.004583928734064102,0.15329809486865997,0.6476433277130127,0.19447466731071472,15464,
TCGA-EJ-5498-01A-01-BS1.e0fd958f-f3b3-4675-8147-051fb3bd3a80,TCGA-PRAD,3,G5,G5,0.29375994205474854,0.18620316684246063,0.2875745892524719,0.23246227204799652,0.29375994205474854,611,
TCGA-EJ-5498-01A-01-TS1.ae2af454-7d09-434c-9519-1ee78ac7fbb4,TCGA-PRAD,1,G3,G3,0.3235569894313812,0.18522576987743378,0.3235569894313812,0.22628258168697357,0.26493462920188904,734,
TCGA-EJ-5498-01Z-00-DX1.e3398f7f-d032-41b5-8736-485db658eba6,TCGA-PRAD,2,G4,G4,0.5429859161376953,0.005154962185770273,0.13370554149150848,0.5429859161376953,0.31815361976623535,17152,
TCGA-EJ-5499-01A-01-BS1.dfc657dc-f990-4767-80bd-61c423f78559,TCGA-PRAD,1,G3,G3,0.3134617209434509,0.23526571691036224,0.3134617209434509,0.21182458102703094,0.23944799602031708,330,
TCGA-EJ-5499-01A-01-TS1.999f3961-3626-44ae-ac39-3963cb549ea9,TCGA-PRAD,1,G3,G3,0.298999160528183,0.24340690672397614,0.298999160528183,0.21246559917926788,0.245128333568573,550,
TCGA-EJ-5499-01Z-00-DX1.bda3d0ed-5295-40c2-b23f-d60caaa03643,TCGA-PRAD,3,G5,G5,0.47584646940231323,0.004181656055152416,0.08768541365861893,0.43228641152381897,0.47584646940231323,20587,
TCGA-EJ-5501-01A-01-BS1.70911337-5efd-4f2d-a6c2-17e3e26dfa99,TCGA-PRAD,1,G3,G3,0.2863022983074188,0.22044317424297333,0.2863022983074188,0.2229752391576767,0.2702792286872864,744,
TCGA-EJ-5501-01A-01-TS1.40f23959-6fae-4ed4-baae-c6130c854d6f,TCGA-PRAD,1,G3,G3,0.3023851811885834,0.19418646395206451,0.3023851811885834,0.22301417589187622,0.2804141938686371,737,
TCGA-EJ-5501-01Z-00-DX1.b948a611-e351-417f-8f32-bd139728ce64,TCGA-PRAD,2,G4,G4,0.5292460918426514,0.004955926910042763,0.12030697613954544,0.5292460918426514,0.3454909920692444,10487,
TCGA-EJ-5502-01A-01-BS1.bfbacbff-970e-4624-8710-41b156da627e,TCGA-PRAD,1,G3,G3,0.2973794639110565,0.21492613852024078,0.2973794639110565,0.21946771442890167,0.2682268023490906,2468,
TCGA-EJ-5502-01A-01-TS1.d156e0ac-e637-48ec-a8ee-6b3590801ec0,TCGA-PRAD,1,G3,G3,0.3082013726234436,0.213145911693573,0.3082013726234436,0.2222893089056015,0.2563633620738983,1589,
TCGA-EJ-5502-01Z-00-DX1.9caa4792-06a2-431d-bec3-8b17f41453fe,TCGA-PRAD,2,G4,G4,0.5075506567955017,0.008879776112735271,0.2284649759531021,0.5075506567955017,0.25510457158088684,20396,
TCGA-EJ-5503-01A-01-BS1.0aeb6f0c-7a21-44f9-865c-7bdcb2f19746,TCGA-PRAD,1,G3,G3,0.33047592639923096,0.18716539442539215,0.33047592639923096,0.22239871323108673,0.25995996594429016,892,
TCGA-EJ-5503-01A-01-TS1.f2f95ded-ffa6-4198-9222-35b416879c12,TCGA-PRAD,1,G3,G3,0.33340147137641907,0.20049865543842316,0.33340147137641907,0.21202696859836578,0.25407296419143677,1229,
TCGA-EJ-5503-01Z-00-DX1.ba2ee0d2-915a-45bd-b492-ad5973d596bf,TCGA-PRAD,2,G4,G4,0.4644225537776947,0.00918545201420784,0.2761242687702179,0.4644225537776947,0.25026774406433105,10199,
TCGA-EJ-5504-01A-01-BS1.8d2eede8-c407-4091-acca-4e25bbf1b627,TCGA-PRAD,1,G3,G3,0.31737950444221497,0.18520110845565796,0.31737950444221497,0.228292316198349,0.2691270411014557,1118,
TCGA-EJ-5504-01A-01-TS1.e25e87d0-ae2d-4c22-bffb-c05ab7c28eec,TCGA-PRAD,1,G3,G3,0.3103697896003723,0.19673120975494385,0.3103697896003723,0.2217240333557129,0.27117490768432617,1064,
TCGA-EJ-5504-01Z-00-DX1.38c7a032-886e-445a-ad0b-aa531918cc2e,TCGA-PRAD,2,G4,G4,0.4087650179862976,0.019079316407442093,0.25006791949272156,0.4087650179862976,0.32208773493766785,11246,
TCGA-EJ-5505-01A-01-BS1.acec9ad9-61c3-4bde-b94a-781b45bcbf5f,TCGA-PRAD,1,G3,G3,0.33418819308280945,0.2112208753824234,0.33418819308280945,0.21397416293621063,0.2406167834997177,869,
TCGA-EJ-5505-01A-01-TS1.cd17b81e-1a80-482f-9d54-3b09eab74e59,TCGA-PRAD,1,G3,G3,0.34736090898513794,0.1870531290769577,0.34736090898513794,0.21673712134361267,0.2488488256931305,509,
TCGA-EJ-5505-01Z-00-DX1.8e43f020-053f-47d9-842d-4d30a776ffd2,TCGA-PRAD,2,G4,G4,0.5219435691833496,0.007143680937588215,0.3163052201271057,0.5219435691833496,0.15460751950740814,11363,
TCGA-EJ-5506-01A-01-BS1.7f8846fa-50c5-4c55-9421-00f418022a18,TCGA-PRAD,3,G5,G5,0.31732597947120667,0.20249153673648834,0.27942532300949097,0.20075716078281403,0.31732597947120667,1449,
TCGA-EJ-5506-01A-01-TS1.6d6210e5-462c-46b6-a4a8-c1d7a33ae0fd,TCGA-PRAD,3,G5,G5,0.31797364354133606,0.2037087082862854,0.27415362000465393,0.20416410267353058,0.31797364354133606,2299,
TCGA-EJ-5506-01Z-00-DX1.9d0714eb-b01a-482e-b077-76f92b3a5e3f,TCGA-PRAD,2,G4,G4,0.4554039537906647,0.01129708532243967,0.2912920117378235,0.4554039537906647,0.24200694262981415,10403,
TCGA-EJ-5507-01A-01-BS1.65df7f61-20c3-487a-b8a4-67b2b85aa9fa,TCGA-PRAD,1,G3,G3,0.29208922386169434,0.2223237156867981,0.29208922386169434,0.2152033895254135,0.2703836262226105,1340,
TCGA-EJ-5507-01A-01-TS1.ccdb7781-d4a9-4a19-9d4f-cac6c6fdb822,TCGA-PRAD,1,G3,G3,0.2888471484184265,0.21975348889827728,0.2888471484184265,0.21905677020549774,0.2723425626754761,1131,
TCGA-EJ-5507-01Z-00-DX1.6f3f7e05-a6f7-4450-a4bb-a4ee76859d17,TCGA-PRAD,3,G5,G5,0.41969215869903564,0.01038025040179491,0.16059830784797668,0.40932923555374146,0.41969215869903564,14121,
TCGA-EJ-5508-01A-01-BS1.56a2ec62-e049-4032-86ff-a1ee7d984ad3,TCGA-PRAD,1,G3,G3,0.3306509554386139,0.2086949199438095,0.3306509554386139,0.2139243334531784,0.2467298060655594,709,
TCGA-EJ-5508-01Z-00-DX1.b5429be9-eadf-4042-8aad-37dc1a10c229,TCGA-PRAD,2,G4,G4,0.6236831545829773,0.0078353900462389,0.23605069518089294,0.6236831545829773,0.13243070244789124,12283,
TCGA-EJ-5509-01A-01-BS1.d6a74921-7eb4-4f68-94f4-623d43082aca,TCGA-PRAD,1,G3,G3,0.3443096876144409,0.19685804843902588,0.3443096876144409,0.21480989456176758,0.2440224587917328,655,
TCGA-EJ-5509-01A-01-TS1.90ebb144-cd1d-4f12-a47f-9ad76b59be78,TCGA-PRAD,1,G3,G3,0.3214793801307678,0.20925374329090118,0.3214793801307678,0.21625563502311707,0.25301119685173035,604,
TCGA-EJ-5509-01Z-00-DX1.d5ddb1aa-3fd9-468b-abfa-97b908695a30,TCGA-PRAD,2,G4,G4,0.5833402872085571,0.005995619110763073,0.16127629578113556,0.5833402872085571,0.24938780069351196,16295,
TCGA-EJ-5510-01A-01-BS1.041131a8-633c-4031-bb1e-24217f7d39ec,TCGA-PRAD,1,G3,G3,0.3344282805919647,0.22820448875427246,0.3344282805919647,0.20487186312675476,0.23249541223049164,743,
TCGA-EJ-5510-01A-01-TS1.a01a6b12-1019-4b95-8a1e-d2ad1848c9af,TCGA-PRAD,1,G3,G3,0.33110252022743225,0.18365734815597534,0.33110252022743225,0.2241426408290863,0.2610974907875061,936,
TCGA-EJ-5510-01Z-00-DX1.ab391b79-7b8f-4ad8-b5bd-c868effa75f8,TCGA-PRAD,2,G4,G4,0.5934607982635498,0.003930313512682915,0.14525093138217926,0.5934607982635498,0.25735798478126526,19041,
TCGA-EJ-5511-01A-01-BS1.c9ad4ca4-e379-4811-983a-01cdd6604c46,TCGA-PRAD,3,G5,G5,0.3090020716190338,0.16757234930992126,0.29186972975730896,0.23155577480793,0.3090020716190338,2922,
TCGA-EJ-5511-01A-01-TS1.1ed25e1f-9e1b-4897-8535-e963f949acfc,TCGA-PRAD,3,G5,G5,0.3035564422607422,0.1716480404138565,0.29229164123535156,0.23250390589237213,0.3035564422607422,2333,
TCGA-EJ-5511-01Z-00-DX1.45a97ef9-90fb-400d-9bdb-ebe8776e228b,TCGA-PRAD,2,G4,G4,0.6269632577896118,0.004257043823599815,0.1501576006412506,0.6269632577896118,0.21862207353115082,8546,
TCGA-EJ-5512-01A-01-BS1.914f38a4-198d-4f22-8621-cc775039e360,TCGA-PRAD,1,G3,G3,0.33551985025405884,0.21259582042694092,0.33551985025405884,0.20874591171741486,0.24313843250274658,468,
TCGA-EJ-5512-01A-01-TS1.324ce356-3c9c-4700-a599-4f298b8b0a5f,TCGA-PRAD,1,G3,G3,0.3385356664657593,0.223381906747818,0.3385356664657593,0.20636031031608582,0.2317221313714981,771,
TCGA-EJ-5512-01Z-00-DX1.6034a735-b58c-4a6d-886a-b0a153bedeee,TCGA-PRAD,2,G4,G4,0.622818112373352,0.007003319915384054,0.23293760418891907,0.622818112373352,0.1372409164905548,11338,
TCGA-EJ-5514-01A-01-BS1.fad55233-8279-4a05-badc-2fe33e5fed44,TCGA-PRAD,3,G5,G5,0.33890512585639954,0.1684756726026535,0.2593829035758972,0.23323628306388855,0.33890512585639954,1456,
TCGA-EJ-5514-01A-01-TS1.6043f576-4be8-4738-ac49-56e913c9659f,TCGA-PRAD,3,G5,G5,0.31683632731437683,0.17474602162837982,0.2701328992843628,0.23828478157520294,0.31683632731437683,1459,
TCGA-EJ-5514-01Z-00-DX1.82b0677b-fb3c-45ec-82ca-d90000d8aaf2,TCGA-PRAD,3,G5,G5,0.4433582127094269,0.009067924693226814,0.1292901337146759,0.41828370094299316,0.4433582127094269,8163,
TCGA-EJ-5515-01A-01-BS1.375634e1-653f-47d6-b033-a9429f931d7d,TCGA-PRAD,3,G5,G5,0.29796382784843445,0.17810043692588806,0.29199618101119995,0.23193955421447754,0.29796382784843445,665,
TCGA-EJ-5515-01A-01-TS1.8eb1a1ad-7b80-49cd-b963-0fcdab9e667f,TCGA-PRAD,1,G3,G3,0.3169335722923279,0.19322457909584045,0.3169335722923279,0.22313928604125977,0.2667025327682495,910,
TCGA-EJ-5515-01Z-00-DX1.4cfd0e05-b10c-4193-a488-9277cd60f0ea,TCGA-PRAD,2,G4,G4,0.6488538980484009,0.003161685075610876,0.12584908306598663,0.6488538980484009,0.22213530540466309,18037,
TCGA-EJ-5516-01A-01-BS1.139327af-6688-44d2-8dc6-2ec43ac6b0d3,TCGA-PRAD,1,G3,G3,0.3094429671764374,0.16946808993816376,0.3094429671764374,0.24405187368392944,0.277037113904953,1190,
TCGA-EJ-5516-01A-01-TS1.048ee951-5473-4ba0-a269-1d5609261e07,TCGA-PRAD,1,G3,G3,0.3018808960914612,0.17256779968738556,0.3018808960914612,0.2394968867301941,0.2860545516014099,1328,
TCGA-EJ-5516-01Z-00-DX1.50003728-b68b-4e22-96d8-8fce43a03274,TCGA-PRAD,2,G4,G4,0.5661849975585938,0.0039681498892605305,0.10623171925544739,0.5661849975585938,0.3236151337623596,10354,
TCGA-EJ-5517-01A-01-BS1.c05564bc-2b03-4751-bea4-fe8bf8298a1d,TCGA-PRAD,1,G3,G3,0.3317258059978485,0.2092292308807373,0.3317258059978485,0.22922596335411072,0.22981899976730347,691,
TCGA-EJ-5517-01A-01-TS1.98be291f-b3da-4779-bf54-73aaf9a80f54,TCGA-PRAD,1,G3,G3,0.3396655321121216,0.20381031930446625,0.3396655321121216,0.22591297328472137,0.23061126470565796,1150,
TCGA-EJ-5517-01Z-00-DX1.7df66a54-404a-4b7d-a316-4ae6383c3afd,TCGA-PRAD,2,G4,G4,0.5430392622947693,0.004724190570414066,0.12465695291757584,0.5430392622947693,0.3275795876979828,13890,
TCGA-EJ-5518-01A-01-BS1.58921fcc-8c57-4840-905a-a419c8ad2d75,TCGA-PRAD,3,G5,G5,0.34207600355148315,0.16192838549613953,0.26849111914634705,0.22750446200370789,0.34207600355148315,2636,
TCGA-EJ-5518-01A-01-TS1.63d01c6d-6c93-4784-96c6-88b3281b4e36,TCGA-PRAD,3,G5,G5,0.32397258281707764,0.17159651219844818,0.2721368670463562,0.2322940230369568,0.32397258281707764,1606,
TCGA-EJ-5518-01Z-00-DX1.e7860e09-7490-4cda-be17-4c5116d1698a,TCGA-PRAD,3,G5,G5,0.4722900986671448,0.01090679969638586,0.11322639882564545,0.40357673168182373,0.4722900986671448,9267,
TCGA-EJ-5519-01A-01-BS1.95be50f9-6d92-4263-9b32-f478b3fe2c90,TCGA-PRAD,3,G5,G5,0.3302749693393707,0.18651573359966278,0.2622450888156891,0.2209642231464386,0.3302749693393707,967,
TCGA-EJ-5519-01A-01-TS1.ce5f7dcb-debf-4952-8ed8-e4a5b94f1c23,TCGA-PRAD,3,G5,G5,0.32359641790390015,0.18983326852321625,0.268108606338501,0.2184617817401886,0.32359641790390015,1079,
TCGA-EJ-5519-01Z-00-DX1.5450fb44-4da5-44e3-bba1-52b978163469,TCGA-PRAD,3,G5,G5,0.5462307929992676,0.0054392945021390915,0.083794966340065,0.36453503370285034,0.5462307929992676,15781,
TCGA-EJ-5521-01A-01-BS1.15f64eb3-3ca0-4610-8e7b-4fa507de0379,TCGA-PRAD,3,G5,G5,0.3098074495792389,0.16135069727897644,0.2861616909503937,0.2426801323890686,0.3098074495792389,244,
TCGA-EJ-5521-01A-01-TS1.b65bbdf2-c599-4234-98d0-6adcaf778401,TCGA-PRAD,1,G3,G3,0.30454525351524353,0.16761285066604614,0.30454525351524353,0.2448798418045044,0.28296202421188354,844,
TCGA-EJ-5521-01Z-00-DX1.f23207f7-5e45-499f-a4b0-0203b60b3569,TCGA-PRAD,2,G4,G4,0.6493065357208252,0.004236382897943258,0.10807506740093231,0.6493065357208252,0.2383820116519928,9144,
TCGA-EJ-5522-01A-01-BS1.519df0f1-1df4-480d-ae27-d5729c7f42c1,TCGA-PRAD,1,G3,G3,0.3346806764602661,0.17920859158039093,0.3346806764602661,0.23739546537399292,0.24871523678302765,1382,
TCGA-EJ-5522-01A-01-TS1.a65a0c85-4f20-40aa-bd87-706986f546ff,TCGA-PRAD,1,G3,G3,0.32927176356315613,0.17037340998649597,0.32927176356315613,0.23795394599437714,0.2624008059501648,1125,
TCGA-EJ-5522-01Z-00-DX1.0358ea1e-8123-4c9a-885a-ac61722e3a69,TCGA-PRAD,2,G4,G4,0.40502479672431946,0.010810674168169498,0.39318010210990906,0.40502479672431946,0.19098445773124695,9794,
TCGA-EJ-5524-01A-01-BS1.73d6db26-69bd-4b03-97ba-13ab553501ec,TCGA-PRAD,3,G5,G5,0.32308676838874817,0.17950618267059326,0.2710736393928528,0.2263333946466446,0.32308676838874817,1687,
TCGA-EJ-5524-01A-01-TS1.4edfd1db-4a08-44d7-8305-3cc4e294ccee,TCGA-PRAD,3,G5,G5,0.3038889169692993,0.18941771984100342,0.2811213731765747,0.22557200491428375,0.3038889169692993,1413,
TCGA-EJ-5524-01Z-00-DX1.f831ad94-5d57-4401-9e0d-6c35489efcca,TCGA-PRAD,2,G4,G4,0.4884691536426544,0.0060103475116193295,0.14658986032009125,0.4884691536426544,0.3589305579662323,13108,
TCGA-EJ-5525-01A-01-BS1.2c136d2e-6155-429d-ba8d-143d90c44301,TCGA-PRAD,3,G5,G5,0.28056737780570984,0.2386644035577774,0.2502480149269104,0.23052017390727997,0.28056737780570984,1819,
TCGA-EJ-5525-01A-01-TS1.2dbe08c7-0e63-4b40-8a58-3af7e540edb4,TCGA-PRAD,3,G5,G5,0.2797413468360901,0.2467060089111328,0.25023365020751953,0.22331905364990234,0.2797413468360901,2300,
TCGA-EJ-5525-01Z-00-DX1.7baf2b11-607e-4001-b5ac-6e33616dc969,TCGA-PRAD,3,G5,G5,0.6096781492233276,0.010120196267962456,0.0983600839972496,0.28184154629707336,0.6096781492233276,11803,
TCGA-EJ-5526-01A-01-BS1.3add8459-725b-453f-94ed-d567229f0372,TCGA-PRAD,3,G5,G5,0.2756023108959198,0.2375354766845703,0.2710301876068115,0.21583199501037598,0.2756023108959198,1555,
TCGA-EJ-5526-01A-01-TS1.cc2b985c-78e4-41b7-a370-9279b53c7d5d,TCGA-PRAD,3,G5,G5,0.27791479229927063,0.24170704185962677,0.2598820626735687,0.2204960733652115,0.27791479229927063,970,
TCGA-EJ-5526-01Z-00-DX1.70486c91-c1cd-4478-8c90-b103dacda0ae,TCGA-PRAD,2,G4,G4,0.5873060822486877,0.006841928698122501,0.28857842087745667,0.5873060822486877,0.11727362126111984,17973,
TCGA-EJ-5527-01A-01-BS1.327ce4b9-a992-4717-83ee-77ba05390f05,TCGA-PRAD,1,G3,G3,0.3200605511665344,0.18040123581886292,0.3200605511665344,0.22743268311023712,0.27210545539855957,1190,
TCGA-EJ-5527-01A-01-TS1.596e580f-0f06-4f36-b2a3-95228db800d6,TCGA-PRAD,1,G3,G3,0.31951311230659485,0.20348992943763733,0.31951311230659485,0.2260696142911911,0.2509273588657379,924,
TCGA-EJ-5527-01Z-00-DX1.238fcb19-9655-463e-ab50-b48b71e6970e,TCGA-PRAD,2,G4,G4,0.4828874170780182,0.0028559360653162003,0.09815402328968048,0.4828874170780182,0.4161026179790497,9402,
TCGA-EJ-5530-01A-01-BS1.3287f2f2-cdac-401b-9cb2-b72ae7249f69,TCGA-PRAD,1,G3,G3,0.31658610701560974,0.18684159219264984,0.31658610701560974,0.23673927783966064,0.25983303785324097,3052,
TCGA-EJ-5530-01A-01-TS1.827d851c-4007-44ad-8585-5c9dfdda6f9d,TCGA-PRAD,1,G3,G3,0.312094122171402,0.20117230713367462,0.312094122171402,0.23141920566558838,0.2553143799304962,2864,
TCGA-EJ-5530-01Z-00-DX1.4f83f733-4b4a-4ede-b0e9-9a782325a653,TCGA-PRAD,2,G4,G4,0.687504768371582,0.005776718724519014,0.12994202971458435,0.687504768371582,0.1767764836549759,10795,
TCGA-EJ-5531-01A-01-BS1.10e5d1ba-3ab4-4667-adc6-ef9ad5632749,TCGA-PRAD,1,G3,G3,0.32035163044929504,0.16470342874526978,0.32035163044929504,0.24803152680397034,0.26691341400146484,727,
TCGA-EJ-5531-01A-01-TS1.4eab80ff-db9f-49eb-981d-b6be59d4a11e,TCGA-PRAD,1,G3,G3,0.3228904604911804,0.1821279674768448,0.3228904604911804,0.22872593998908997,0.26625561714172363,851,
TCGA-EJ-5531-01Z-00-DX1.c6ca0cde-3ebc-4de9-8a53-e666239deba3,TCGA-PRAD,2,G4,G4,0.6003754734992981,0.009243016131222248,0.2590637803077698,0.6003754734992981,0.13131771981716156,4344,
TCGA-EJ-5532-01A-01-BS1.26535e87-3145-405b-b8ee-48977aff1aef,TCGA-PRAD,1,G3,G3,0.33187296986579895,0.20242156088352203,0.33187296986579895,0.21840620040893555,0.24729928374290466,2642,
TCGA-EJ-5532-01A-01-TS1.1c06e67e-fdf6-424f-89d1-07d36d5620b8,TCGA-PRAD,1,G3,G3,0.34094035625457764,0.1932719200849533,0.34094035625457764,0.2202262431383133,0.24556143581867218,1909,
TCGA-EJ-5532-01Z-00-DX1.07548d1f-867f-4bca-a9f3-aaed043b8753,TCGA-PRAD,2,G4,G4,0.6016679406166077,0.0033042302820831537,0.19030693173408508,0.6016679406166077,0.2047208845615387,15389,
TCGA-EJ-5542-01A-01-BS1.e89efd55-f6d9-4d03-a95c-c5c2d1810f9b,TCGA-PRAD,1,G3,G3,0.3143424391746521,0.16585184633731842,0.3143424391746521,0.2473737895488739,0.2724319398403168,1726,
TCGA-EJ-5542-01A-01-TS1.fd83687f-596d-4d41-8532-a2d676438e48,TCGA-PRAD,1,G3,G3,0.32078731060028076,0.1541626900434494,0.32078731060028076,0.25491347908973694,0.2701365053653717,1472,
TCGA-EJ-5542-01Z-00-DX1.84ef2f6d-29d7-4d36-96b4-14bd30742016,TCGA-PRAD,2,G4,G4,0.49947354197502136,0.006074587814509869,0.2503483295440674,0.49947354197502136,0.24410361051559448,15724,
TCGA-EJ-7115-01A-01-TS1.f236c074-83bc-4cf6-a7e7-3986be363875,TCGA-PRAD,1,G3,G3,0.3004210889339447,0.2205420583486557,0.3004210889339447,0.20720668137073517,0.2718302309513092,702,
TCGA-EJ-7115-01Z-00-DX1.c603df66-3411-44b4-9e54-32bacd57b426,TCGA-PRAD,2,G4,G4,0.5373393297195435,0.01322596613317728,0.22297924757003784,0.5373393297195435,0.22645555436611176,10397,
TCGA-EJ-7115-11A-01-TS1.dc34e791-2c55-401f-a718-4dab7b734f7a,TCGA-PRAD,1,G3,G3,0.29489007592201233,0.225637748837471,0.29489007592201233,0.22208628058433533,0.25738590955734253,2620,
TCGA-EJ-7123-01A-01-TS1.76902529-e4dc-489a-b5fa-cc7bcbf5164f,TCGA-PRAD,1,G3,G3,0.39166927337646484,0.11815237998962402,0.39166927337646484,0.27716684341430664,0.21301154792308807,1844,
TCGA-EJ-7123-01Z-00-DX1.c61e236b-180e-4508-a41f-502130f3f777,TCGA-PRAD,2,G4,G4,0.5986399054527283,0.009456844069063663,0.24367745220661163,0.5986399054527283,0.148225799202919,6875,
TCGA-EJ-7123-11A-01-TS1.d167451b-2de4-4a75-ba6c-04f4d62870f2,TCGA-PRAD,1,G3,G3,0.3647876977920532,0.15381444990634918,0.3647876977920532,0.26972725987434387,0.21167057752609253,8532,
TCGA-EJ-7125-01A-01-BS1.de731856-a897-42e1-99eb-ea6b0472b788,TCGA-PRAD,1,G3,G3,0.3790132701396942,0.13226841390132904,0.3790132701396942,0.2885720729827881,0.20014619827270508,1144,
TCGA-EJ-7125-01A-01-TS1.0da4888c-2ac6-45be-861c-8d031eca6e82,TCGA-PRAD,1,G3,G3,0.36918607354164124,0.14710290729999542,0.36918607354164124,0.27719736099243164,0.2065136581659317,2182,
TCGA-EJ-7125-11A-01-TS1.b7dcb876-cf8a-4c21-b2c2-307552afec88,TCGA-PRAD,1,G3,G3,0.40012043714523315,0.11488543450832367,0.40012043714523315,0.2936433255672455,0.1913508176803589,3897,
TCGA-EJ-7218-01B-01-TSA.B975C08C-6576-48E2-A00E-BBB6281F6DEB,TCGA-PRAD,1,G3,G3,0.3048466444015503,0.15285970270633698,0.3048466444015503,0.24387706816196442,0.2984165847301483,5590,
TCGA-EJ-7312-01B-02-TSB.1A8E71D6-708A-4AC7-A502-7D3E98687E25,TCGA-PRAD,1,G3,G3,0.2958749830722809,0.219570592045784,0.2958749830722809,0.2232024073600769,0.2613520622253418,4143,
TCGA-EJ-7314-01A-02-BS2.ee14356f-b4b4-4e18-88af-267165efe34e,TCGA-PRAD,1,G3,G3,0.2783668339252472,0.24383072555065155,0.2783668339252472,0.20822088420391083,0.26958152651786804,520,
TCGA-EJ-7314-01Z-00-DX1.d0eb7da6-3259-475f-b81c-146dca9b5613,TCGA-PRAD,2,G4,G4,0.49792370200157166,0.011554698459804058,0.271359920501709,0.49792370200157166,0.219161719083786,22767,
TCGA-EJ-7314-11A-01-TS1.e87c732a-e4d5-4736-8dfc-c344f22808d4,TCGA-PRAD,0,Normal,Normal,0.30541855096817017,0.30541855096817017,0.27356815338134766,0.1831682175397873,0.23784507811069489,5335,
TCGA-EJ-7315-01A-02-BS2.6acb7338-c582-4749-b17c-c0176311a9d2,TCGA-PRAD,3,G5,G5,0.2950340807437897,0.23320074379444122,0.26669907569885254,0.20506606996059418,0.2950340807437897,566,
TCGA-EJ-7315-01Z-00-DX1.6e08c383-ca90-45ad-8a26-de89823c333f,TCGA-PRAD,2,G4,G4,0.4369519054889679,0.014032828621566296,0.29843413829803467,0.4369519054889679,0.2505810856819153,18042,
TCGA-EJ-7315-11A-01-TS1.8cab7b6f-4b6f-4c10-bde0-956e4668fd6f,TCGA-PRAD,0,Normal,Normal,0.29183489084243774,0.29183489084243774,0.2648131847381592,0.19486787915229797,0.2484840452671051,4783,
TCGA-EJ-7317-01A-02-BS2.a729dfe3-33ca-4d5c-8453-9dd0e1324d8d,TCGA-PRAD,1,G3,G3,0.29115918278694153,0.23007270693778992,0.29115918278694153,0.20947128534317017,0.2692968249320984,696,
TCGA-EJ-7317-01Z-00-DX1.c92df0c7-a1be-40ed-b33f-e8213cf5b11b,TCGA-PRAD,2,G4,G4,0.5246270895004272,0.008683660998940468,0.2762218713760376,0.5246270895004272,0.19046735763549805,19236,
TCGA-EJ-7317-11A-01-TS1.38572d54-89a4-432d-a35b-fdfc65d9ccba,TCGA-PRAD,1,G3,G3,0.2875271737575531,0.2462882697582245,0.2875271737575531,0.20919905602931976,0.25698545575141907,6828,
TCGA-EJ-7318-01B-01-TSA.CABC240E-3ADB-420D-89A2-1D98FBBE818E,TCGA-PRAD,1,G3,G3,0.32191431522369385,0.20167264342308044,0.32191431522369385,0.22985176742076874,0.24656130373477936,1337,
TCGA-EJ-7321-01A-02-BS2.7fca4517-3ae8-486c-a5cc-380817eef09f,TCGA-PRAD,1,G3,G3,0.32313838601112366,0.13557441532611847,0.32313838601112366,0.27125489711761475,0.27003222703933716,1096,
TCGA-EJ-7321-01Z-00-DX1.3c4d5cb6-647d-4f31-a462-423951dbec9a,TCGA-PRAD,2,G4,G4,0.5991747975349426,0.005159171298146248,0.2303542047739029,0.5991747975349426,0.16531188786029816,14270,
TCGA-EJ-7321-11A-01-TS1.097d291f-325d-438f-a930-05ecabbda628,TCGA-PRAD,1,G3,G3,0.30766531825065613,0.2542996406555176,0.30766531825065613,0.20253491401672363,0.2355000525712967,12155,
TCGA-EJ-7325-01B-01-TSA.0A7BABE2-2E28-4FE3-BB6D-E9A0BA1EE2C2,TCGA-PRAD,3,G5,G5,0.27995041012763977,0.23685358464717865,0.276663213968277,0.20653285086154938,0.27995041012763977,2489,
TCGA-EJ-7327-01A-01-TS1.a0270b4c-03fc-4638-a19f-1c0e1a6e4763,TCGA-PRAD,1,G3,G3,0.43200570344924927,0.1194116547703743,0.43200570344924927,0.2595011293888092,0.18908151984214783,5545,
TCGA-EJ-7327-01Z-00-DX1.9a14d0f4-ea3c-4b70-9eec-ab399fb72565,TCGA-PRAD,2,G4,G4,0.5403665900230408,0.007496335543692112,0.28592634201049805,0.5403665900230408,0.16621072590351105,18051,
TCGA-EJ-7327-11A-01-TS1.3b440f09-0c54-4118-84ea-edc7c96a329b,TCGA-PRAD,1,G3,G3,0.3055453896522522,0.19490522146224976,0.3055453896522522,0.241248220205307,0.25830116868019104,6883,
TCGA-EJ-7328-01A-02-BS2.609a7fa6-feb7-4955-b7ba-336e45cb7618,TCGA-PRAD,1,G3,G3,0.2914676368236542,0.24618853628635406,0.2914676368236542,0.18506410717964172,0.27727967500686646,490,
TCGA-EJ-7328-01Z-00-DX1.577d603f-8bab-4fa5-801b-d7e999edca25,TCGA-PRAD,2,G4,G4,0.6050003170967102,0.005602893885225058,0.22431176900863647,0.6050003170967102,0.16508500277996063,9977,
TCGA-EJ-7328-11A-01-TS1.5965eb75-42a9-4aa9-b9a4-befb31e6b981,TCGA-PRAD,1,G3,G3,0.28954818844795227,0.2639594078063965,0.28954818844795227,0.21497111022472382,0.23152132332324982,11856,
TCGA-EJ-7330-01A-01-BS1.522885eb-8b59-451a-952b-110aafb187dc,TCGA-PRAD,1,G3,G3,0.3580436706542969,0.14794032275676727,0.3580436706542969,0.2475217878818512,0.24649427831172943,10486,
TCGA-EJ-7330-01A-01-TS1.5fd809f6-232e-4343-bcc5-8304151189a6,TCGA-PRAD,1,G3,G3,0.3865622282028198,0.14857518672943115,0.3865622282028198,0.24837224185466766,0.21649041771888733,11470,
TCGA-EJ-7330-01Z-00-DX1.f30d5d3a-b67e-432c-90db-e17e739438ed,TCGA-PRAD,2,G4,G4,0.5246094465255737,0.0074747176840901375,0.17589038610458374,0.5246094465255737,0.29202544689178467,15660,
TCGA-EJ-7330-11A-01-TS1.6f91bf0b-9dab-4d24-8e13-f14f35f54086,TCGA-PRAD,0,Normal,Normal,0.2865765392780304,0.2865765392780304,0.2638179361820221,0.19334673881530762,0.2562587261199951,3552,
TCGA-EJ-7331-01A-01-BS1.d77f7024-1b4b-4c16-bce5-c47a03ae8738,TCGA-PRAD,1,G3,G3,0.30060333013534546,0.21160666644573212,0.30060333013534546,0.22903166711330414,0.2587583661079407,7694,
TCGA-EJ-7331-01A-01-TS1.e206cf8b-143b-45ff-88a6-98fcf31a2676,TCGA-PRAD,1,G3,G3,0.39613041281700134,0.14273160696029663,0.39613041281700134,0.2627159655094147,0.19842197000980377,8523,
TCGA-EJ-7331-01Z-00-DX1.2b4966e3-3237-40d3-9391-b3c908eb43f4,TCGA-PRAD,2,G4,G4,0.6175283193588257,0.00371243292465806,0.1425320953130722,0.6175283193588257,0.2362271547317505,14389,
TCGA-EJ-7331-11A-01-TS1.4bcd4622-6c73-4d82-a8ab-f8d2a83c2842,TCGA-PRAD,1,G3,G3,0.31890758872032166,0.23350955545902252,0.31890758872032166,0.22333307564258575,0.22424975037574768,12238,
TCGA-EJ-7781-01A-01-BS1.6da85b82-192c-4b1b-8f9b-f0f89437b566,TCGA-PRAD,1,G3,G3,0.3192914128303528,0.14073258638381958,0.3192914128303528,0.2689104676246643,0.27106547355651855,4256,
TCGA-EJ-7781-01A-01-TS1.f7aa5966-baf0-4a03-9b1e-7430f8d286f8,TCGA-PRAD,1,G3,G3,0.34290510416030884,0.15968792140483856,0.34290510416030884,0.2550405263900757,0.24236643314361572,5489,
TCGA-EJ-7781-11A-01-TS1.0a3ad3eb-72be-4d61-87fc-167adc7f8c36,TCGA-PRAD,1,G3,G3,0.3111509382724762,0.17291930317878723,0.3111509382724762,0.23878975212574005,0.2771399915218353,8932,
TCGA-EJ-7782-01A-01-BS1.7620c8a7-1203-42ac-ba05-a6341e08bd11,TCGA-PRAD,1,G3,G3,0.31277167797088623,0.1600261926651001,0.31277167797088623,0.2596539855003357,0.26754817366600037,8994,
TCGA-EJ-7782-01A-01-TS1.f0921308-6e5d-4392-8023-9882d915be80,TCGA-PRAD,1,G3,G3,0.3346557021141052,0.14270025491714478,0.3346557021141052,0.2758338451385498,0.24681025743484497,8553,
TCGA-EJ-7782-01Z-00-DX1.ff736ebc-94c8-4ffd-b416-0830c4c11279,TCGA-PRAD,2,G4,G4,0.6127893328666687,0.005368039943277836,0.1910218745470047,0.6127893328666687,0.19082073867321014,15083,
TCGA-EJ-7782-11A-01-TS1.6e1a55a1-09d2-48d5-a163-610c4095b000,TCGA-PRAD,1,G3,G3,0.34875836968421936,0.18633243441581726,0.34875836968421936,0.23853251338005066,0.22637665271759033,6700,
TCGA-EJ-7783-01A-01-BS1.dbad8dce-d564-4202-a47f-82797a65bf63,TCGA-PRAD,1,G3,G3,0.3223249614238739,0.17066065967082977,0.3223249614238739,0.2396482229232788,0.26736611127853394,5321,
TCGA-EJ-7783-01A-01-TS1.0c598fde-c65f-4b24-9e66-8ba509fe1a1f,TCGA-PRAD,1,G3,G3,0.2999805808067322,0.15139755606651306,0.2999805808067322,0.2579374611377716,0.2906844913959503,6108,
TCGA-EJ-7783-01Z-00-DX1.83158713-8e94-40b8-96e1-ae9e105e3804,TCGA-PRAD,2,G4,G4,0.4358943998813629,0.008690668269991875,0.19269709289073944,0.4358943998813629,0.3627178966999054,17757,
TCGA-EJ-7783-11A-01-TS1.9b364078-e32e-4d7d-aafa-bda6f3a9bf62,TCGA-PRAD,1,G3,G3,0.3070759177207947,0.17908357083797455,0.3070759177207947,0.23697683215141296,0.27686363458633423,8575,
TCGA-EJ-7784-01A-01-BS1.b1f6aca3-c170-4fe7-aa93-bd079ea15ee9,TCGA-PRAD,1,G3,G3,0.30750125646591187,0.12443745136260986,0.30750125646591187,0.28099238872528076,0.2870688736438751,5248,
TCGA-EJ-7784-01A-01-TS1.4d09a34f-95f0-4594-8816-915a48a6fedb,TCGA-PRAD,1,G3,G3,0.3335212171077728,0.1455201655626297,0.3335212171077728,0.2647094130516052,0.25624921917915344,4401,
TCGA-EJ-7784-01Z-00-DX1.9accc8f4-1b74-4e0f-8197-47a043c56dc0,TCGA-PRAD,2,G4,G4,0.47078418731689453,0.008640234358608723,0.321602463722229,0.47078418731689453,0.19897307455539703,16306,
TCGA-EJ-7784-11A-01-TS1.67f3e7c0-4ef0-4b3a-8226-9b4d89f79a23,TCGA-PRAD,1,G3,G3,0.35622209310531616,0.17648354172706604,0.35622209310531616,0.23935823142528534,0.22793614864349365,6558,
TCGA-EJ-7785-01A-01-BS1.ab992025-2d20-489d-9833-0ef1ba987453,TCGA-PRAD,1,G3,G3,0.32979002594947815,0.16803568601608276,0.32979002594947815,0.2375880777835846,0.2645861804485321,5956,
TCGA-EJ-7785-01A-01-TS1.beda898e-7a63-4829-b567-97e99fd2c3b5,TCGA-PRAD,1,G3,G3,0.3626164495944977,0.16123469173908234,0.3626164495944977,0.24786116182804108,0.22828763723373413,3895,
TCGA-EJ-7785-01Z-00-DX1.11677112-6f8a-4c93-9c04-bd08288658e2,TCGA-PRAD,2,G4,G4,0.43653711676597595,0.013463720679283142,0.33832764625549316,0.43653711676597595,0.21167151629924774,16405,
TCGA-EJ-7785-11A-01-TS1.a3887ab5-9621-45da-b09f-8280b0c8b64f,TCGA-PRAD,1,G3,G3,0.32839280366897583,0.17761783301830292,0.32839280366897583,0.23523299396038055,0.2587564289569855,8809,
TCGA-EJ-7786-01A-01-BS1.5b8f28eb-2c32-44f5-a762-f1cc67eaf3ac,TCGA-PRAD,1,G3,G3,0.36091458797454834,0.1059100329875946,0.36091458797454834,0.2874981760978699,0.2456771582365036,4100,
TCGA-EJ-7786-01A-01-TS1.80471400-0cec-4597-a884-d73c98583dbe,TCGA-PRAD,1,G3,G3,0.354224294424057,0.10685541480779648,0.354224294424057,0.2970553934574127,0.24186499416828156,2993,
TCGA-EJ-7786-01Z-00-DX1.e11a699a-7646-4c16-bc3f-5ffe6078b556,TCGA-PRAD,2,G4,G4,0.575526773929596,0.00536723155528307,0.21629396080970764,0.575526773929596,0.20281192660331726,16413,
TCGA-EJ-7786-11A-01-TS1.616c41b4-03fa-4378-b13b-639b178dc33f,TCGA-PRAD,1,G3,G3,0.3090313673019409,0.12082374840974808,0.3090313673019409,0.3040013611316681,0.26614341139793396,5333,
TCGA-EJ-7788-01A-01-BS1.d44d88f2-24c7-49cd-8355-f1b384ec22cb,TCGA-PRAD,2,G4,G4,0.3360530734062195,0.07193812727928162,0.2710461914539337,0.3360530734062195,0.3209626376628876,10139,
TCGA-EJ-7788-01A-01-TS1.a8d7f3db-eb04-41e1-a385-ce67add31d40,TCGA-PRAD,2,G4,G4,0.3293709456920624,0.07294967770576477,0.2890706956386566,0.3293709456920624,0.3086085617542267,11841,
TCGA-EJ-7788-01Z-00-DX1.1a8a304e-5089-42f2-8275-07e5f20ebc67,TCGA-PRAD,2,G4,G4,0.5881386995315552,0.003638164373114705,0.16829481720924377,0.5881386995315552,0.23992833495140076,18270,
TCGA-EJ-7789-01A-01-BS1.df2f0c14-dcfc-4801-b7b0-b44aaa75d171,TCGA-PRAD,2,G4,G4,0.362982839345932,0.08638925105333328,0.2650529742240906,0.362982839345932,0.2855749726295471,8077,
TCGA-EJ-7789-01A-01-TS1.795c82cc-488b-408a-995f-8e0036fa88d3,TCGA-PRAD,2,G4,G4,0.3867563009262085,0.0851268470287323,0.26695093512535095,0.3867563009262085,0.26116591691970825,9044,
TCGA-EJ-7789-01Z-00-DX1.1fe607cd-e166-4c16-8fc0-74bcca9b5975,TCGA-PRAD,2,G4,G4,0.4939020872116089,0.005097722169011831,0.15588447451591492,0.4939020872116089,0.3451157212257385,13946,
TCGA-EJ-7789-11A-01-TS1.0724bce7-9a2e-4add-87e9-d24a5a1039d3,TCGA-PRAD,1,G3,G3,0.371097594499588,0.14128629863262177,0.371097594499588,0.25796979665756226,0.22964626550674438,7535,
TCGA-EJ-7791-01A-01-BS1.93e59ad3-c09a-40cb-a9d5-6c8704c2d952,TCGA-PRAD,1,G3,G3,0.35082441568374634,0.08765650540590286,0.35082441568374634,0.2988552153110504,0.262663871049881,6171,
TCGA-EJ-7791-01A-01-TS1.e22e694d-19c0-45d8-99db-041b30c1b363,TCGA-PRAD,1,G3,G3,0.3369138836860657,0.09071104228496552,0.3369138836860657,0.30972930788993835,0.2626457214355469,6408,
TCGA-EJ-7791-01Z-00-DX1.32e325ff-30d5-4f07-a7b6-914a412cecf7,TCGA-PRAD,3,G5,G5,0.4473302960395813,0.005527943838387728,0.13903525471687317,0.40810656547546387,0.4473302960395813,15300,
TCGA-EJ-7792-01A-01-BS1.7bcaf276-c5a9-4555-9cc2-789ea75856e7,TCGA-PRAD,1,G3,G3,0.3352487087249756,0.15871581435203552,0.3352487087249756,0.2659975290298462,0.2400379776954651,5918,
TCGA-EJ-7792-01A-01-TS1.984f3ebe-413e-49ee-a82c-bc7817e5e86b,TCGA-PRAD,1,G3,G3,0.3494667112827301,0.15211595594882965,0.3494667112827301,0.2671999931335449,0.23121732473373413,6590,
TCGA-EJ-7792-01Z-00-DX1.62662b7e-2130-4535-9ec4-3a5c9ce8dea0,TCGA-PRAD,2,G4,G4,0.6476067304611206,0.0052626607939600945,0.13603931665420532,0.6476067304611206,0.21109125018119812,15017,
TCGA-EJ-7792-11A-01-TS1.f17eecea-10c6-4e81-aec0-df39f3a05649,TCGA-PRAD,1,G3,G3,0.360454797744751,0.17759960889816284,0.360454797744751,0.24422544240951538,0.2177201807498932,4062,
TCGA-EJ-7793-01A-02-BS2.d17df35b-48fb-497b-a226-5b8af9e90e6e,TCGA-PRAD,1,G3,G3,0.354272723197937,0.24624942243099213,0.354272723197937,0.1947108507156372,0.20476697385311127,787,
TCGA-EJ-7793-01Z-00-DX1.9b4a589b-59d9-4abf-bfe9-165125656032,TCGA-PRAD,2,G4,G4,0.5677968263626099,0.006159973330795765,0.2890309691429138,0.5677968263626099,0.1370122730731964,14388,
TCGA-EJ-7793-11A-01-TS1.fbb92527-b890-4b0e-8af3-6ff989e0fce2,TCGA-PRAD,1,G3,G3,0.36262404918670654,0.18854370713233948,0.36262404918670654,0.2370605617761612,0.21177175641059875,2529,
TCGA-EJ-7794-01A-01-BS1.6d9b4934-5395-450e-9291-b38bf61d7a0b,TCGA-PRAD,1,G3,G3,0.31952741742134094,0.15934333205223083,0.31952741742134094,0.24646088480949402,0.2746683657169342,4894,
TCGA-EJ-7794-01A-01-TS1.5b287330-e4f2-4a07-b2e4-7adf36455916,TCGA-PRAD,1,G3,G3,0.353070467710495,0.14482854306697845,0.353070467710495,0.2582435607910156,0.24385744333267212,4016,
TCGA-EJ-7794-01Z-00-DX1.6c647aa0-664d-46b5-98d5-049763627857,TCGA-PRAD,2,G4,G4,0.6582548022270203,0.006640821695327759,0.18241281807422638,0.6582548022270203,0.15269145369529724,12564,
TCGA-EJ-7794-11A-01-TS1.328a9a0e-afb3-4786-8079-08c8986098a7,TCGA-PRAD,1,G3,G3,0.34183743596076965,0.17206718027591705,0.34183743596076965,0.2434646189212799,0.24263077974319458,2358,
TCGA-EJ-7797-01A-01-TS1.2864bcdb-667d-4ae0-8a7d-65537fd3cfff,TCGA-PRAD,1,G3,G3,0.3084230124950409,0.18607138097286224,0.3084230124950409,0.2557750642299652,0.24973057210445404,500,
TCGA-EJ-7797-01Z-00-DX1.589f2810-06b5-4e81-bb8a-da61b9381704,TCGA-PRAD,2,G4,G4,0.6631831526756287,0.002892494900152087,0.13855163753032684,0.6631831526756287,0.19537270069122314,14098,
TCGA-EJ-7797-11A-01-TS1.5a618e32-b874-4d4a-ab4d-646be3c2efba,TCGA-PRAD,1,G3,G3,0.38105034828186035,0.10898889601230621,0.38105034828186035,0.2904473841190338,0.21951335668563843,6835,
TCGA-EJ-8468-01A-01-BS1.628354fd-d7ba-4ece-94f0-5c06260c2bc6,TCGA-PRAD,1,G3,G3,0.344102144241333,0.14054743945598602,0.344102144241333,0.2736227214336395,0.24172770977020264,4093,
TCGA-EJ-8468-11A-01-TS1.a608635a-8b88-4193-8f84-f68de82e48de,TCGA-PRAD,1,G3,G3,0.37462911009788513,0.10556044429540634,0.37462911009788513,0.339231014251709,0.18057942390441895,6861,
TCGA-EJ-8469-01A-01-BS1.f43d557a-343e-487f-982d-7fc0ff222518,TCGA-PRAD,1,G3,G3,0.31057241559028625,0.13770771026611328,0.31057241559028625,0.2787902355194092,0.2729296386241913,9496,
TCGA-EJ-8469-01A-01-TS1.5d236b29-03cc-4748-b6f5-9fa48f17e1af,TCGA-PRAD,1,G3,G3,0.35623398423194885,0.0982806459069252,0.35623398423194885,0.33573296666145325,0.20975229144096375,8013,
TCGA-EJ-8470-01A-01-TS1.0d28ddd8-fe12-4fcd-919c-3a9150798847,TCGA-PRAD,3,G5,G5,0.32580801844596863,0.2178216576576233,0.2359679639339447,0.2204023152589798,0.32580801844596863,704,
TCGA-EJ-8472-01A-01-TS1.c2f85f8b-ade2-41ac-aa7c-70578e1fc5fa,TCGA-PRAD,1,G3,G3,0.2907769978046417,0.21516288816928864,0.2907769978046417,0.22804562747478485,0.2660144865512848,2461,
TCGA-EJ-8472-11A-01-TS1.b0b6f52b-282a-48a7-ba27-e6aee90fdd37,TCGA-PRAD,1,G3,G3,0.3832787573337555,0.08679655194282532,0.3832787573337555,0.36268875002861023,0.16723592579364777,8985,
TCGA-EJ-8474-01A-01-BS1.a19a0864-86a1-40f5-a911-2e565c31882c,TCGA-PRAD,1,G3,G3,0.37866130471229553,0.1422102153301239,0.37866130471229553,0.26909592747688293,0.21003250777721405,2688,
TCGA-EJ-8474-01A-01-TS1.985ea55f-0a9c-4588-95cb-c395a2961495,TCGA-PRAD,1,G3,G3,0.40306809544563293,0.12303429841995239,0.40306809544563293,0.26998797059059143,0.20390956103801727,2075,
TCGA-EJ-8474-11A-01-TS1.b430693e-1649-4cd9-9c5b-7345b0452f1f,TCGA-PRAD,1,G3,G3,0.3808986246585846,0.16257444024085999,0.3808986246585846,0.24626414477825165,0.21026282012462616,3148,
TCGA-EJ-A46B-01A-03-TSC.E4FCE98F-0DAD-4BE7-ACC1-83255D5C7FB4,TCGA-PRAD,1,G3,G3,0.4376217722892761,0.1054835170507431,0.4376217722892761,0.2765512466430664,0.1803434044122696,921,
TCGA-EJ-A46B-01Z-00-DX1.16F1652C-010D-4CDA-A4D7-B32FF09F22B0,TCGA-PRAD,3,G5,G5,0.5052642822265625,0.0031530221458524466,0.07169488817453384,0.4198877811431885,0.5052642822265625,21545,
TCGA-EJ-A46D-01A-02-TSB.50853CEC-6DAA-45A8-A5B9-C395D79F416D,TCGA-PRAD,1,G3,G3,0.3137566149234772,0.16065265238285065,0.3137566149234772,0.25630393624305725,0.26928678154945374,2652,
TCGA-EJ-A46D-01Z-00-DX1.194EFBA6-C16F-42CD-99FD-27842B85504B,TCGA-PRAD,2,G4,G4,0.5524242520332336,0.003008130704984069,0.06363928318023682,0.5524242520332336,0.3809283673763275,7408,
TCGA-EJ-A46E-01A-03-TSC.BD88DFE6-0A51-40DF-B113-55E1EE2EC698,TCGA-PRAD,3,G5,G5,0.3218422532081604,0.15973274409770966,0.26951757073402405,0.24890746176242828,0.3218422532081604,2764,
TCGA-EJ-A46E-01Z-00-DX1.DBF5A5EC-DCD9-44E9-8303-9F61BEAE44D0,TCGA-PRAD,2,G4,G4,0.454019695520401,0.00434483727440238,0.09095297753810883,0.454019695520401,0.4506824314594269,15707,
TCGA-EJ-A46F-01A-03-TSC.ADE40768-9689-4146-AF0F-04E4824F8515,TCGA-PRAD,3,G5,G5,0.32835668325424194,0.11622778326272964,0.27572011947631836,0.27969545125961304,0.32835668325424194,1746,
TCGA-EJ-A46F-01Z-00-DX1.83D9E6DF-80E7-401F-9089-6589BC9F2751,TCGA-PRAD,3,G5,G5,0.443991094827652,0.01874121092259884,0.12279019504785538,0.41447746753692627,0.443991094827652,5843,
TCGA-EJ-A46G-01A-03-TSC.21C277CB-AB34-42D7-8FB3-D343DD839246,TCGA-PRAD,3,G5,G5,0.3208928108215332,0.1645922064781189,0.2565550208091736,0.25795993208885193,0.3208928108215332,1222,
TCGA-EJ-A46G-01Z-00-DX1.F6443830-54BB-44D8-91F2-D9EA52255650,TCGA-PRAD,3,G5,G5,0.49476826190948486,0.003303813049569726,0.04734676703810692,0.454581081867218,0.49476826190948486,11932,
TCGA-EJ-A46H-01A-03-TSC.11F880B5-E024-4F95-B32A-87963F53D5BA,TCGA-PRAD,3,G5,G5,0.33903422951698303,0.1370467096567154,0.25082704424858093,0.27309197187423706,0.33903422951698303,2552,
TCGA-EJ-A46H-01Z-00-DX1.0E60D106-3766-49A8-B1D8-9BB216F06B2B,TCGA-PRAD,3,G5,G5,0.5123664140701294,0.0021576983854174614,0.04522458836436272,0.44025129079818726,0.5123664140701294,16198,
TCGA-EJ-A46I-01A-01-TSA.C5E07D95-0820-41A2-B35A-5307ACD24B24,TCGA-PRAD,1,G3,G3,0.31134939193725586,0.15552794933319092,0.31134939193725586,0.26205259561538696,0.27107012271881104,3176,
TCGA-EJ-A46I-01Z-00-DX1.AB750E29-1BB3-4FA2-88B8-C4CD71C0CD32,TCGA-PRAD,2,G4,G4,0.6113013625144958,0.002477755770087242,0.051431071013212204,0.6113013625144958,0.33478981256484985,12590,
TCGA-EJ-A65B-01A-01-TSA.18F752A0-7454-45AF-9ED3-933765D6E38F,TCGA-PRAD,3,G5,G5,0.3496721386909485,0.1464984118938446,0.248334139585495,0.2554953098297119,0.3496721386909485,4212,
TCGA-EJ-A65D-01A-01-TSA.79E9504C-73CC-43C7-BAAE-EA0B7CDFAD7B,TCGA-PRAD,3,G5,G5,0.31881770491600037,0.16474930942058563,0.24324379861354828,0.2731891870498657,0.31881770491600037,1931,
TCGA-EJ-A65E-01A-01-TSA.5CCA7B30-7494-41FE-952E-67669C017AE1,TCGA-PRAD,1,G3,G3,0.30705559253692627,0.18648873269557953,0.30705559253692627,0.23301415145397186,0.27344149351119995,3917,
TCGA-EJ-A65F-01A-02-TSB.DB76E845-D66F-4C94-8ADA-D158ED32550E,TCGA-PRAD,3,G5,G5,0.31473594903945923,0.09394041448831558,0.2951370179653168,0.296186625957489,0.31473594903945923,2882,
TCGA-EJ-A65G-01A-02-TSB.5621CA0E-5A09-4709-BDB1-3E45599411F2,TCGA-PRAD,1,G3,G3,0.3359214961528778,0.16266728937625885,0.3359214961528778,0.23802947998046875,0.2633817195892334,1820,
TCGA-EJ-A65J-01A-01-TSA.8CD7BEAF-A661-4944-B1B6-BA808583FDE2,TCGA-PRAD,2,G4,G4,0.32852429151535034,0.09293919801712036,0.28180232644081116,0.32852429151535034,0.2967342436313629,3765,
TCGA-EJ-A65M-01A-01-TSA.2355218D-3DDC-401E-8B14-68E9A8D481D7,TCGA-PRAD,1,G3,G3,0.31065046787261963,0.22178113460540771,0.31065046787261963,0.21505071222782135,0.2525176405906677,4547,
TCGA-EJ-A6RA-01A-01-TSA.5AF20B4D-ACB4-491A-8E89-388AF20C5C19,TCGA-PRAD,1,G3,G3,0.31321433186531067,0.2319622039794922,0.31321433186531067,0.21371784806251526,0.2411055862903595,4281,
TCGA-EJ-A6RC-01A-01-TSA.CE54A4F9-3819-40DF-BFBE-97244505966F,TCGA-PRAD,3,G5,G5,0.2804137170314789,0.24157388508319855,0.2708727717399597,0.20713958144187927,0.2804137170314789,3703,
TCGA-EJ-A7NF-01A-01-TSA.506E98A4-2703-4470-A8C4-A16C2C457F92,TCGA-PRAD,1,G3,G3,0.3117518424987793,0.18688781559467316,0.3117518424987793,0.23655472695827484,0.2648056149482727,3509,
TCGA-EJ-A7NG-01A-03-TSC.CD8408BC-0A1D-470F-BB17-C7F4BD86DDF1,TCGA-PRAD,1,G3,G3,0.29655346274375916,0.1897393763065338,0.29655346274375916,0.24817629158496857,0.26553085446357727,2836,
TCGA-EJ-A7NH-01A-01-TSA.E744E068-A3A4-482A-91E2-B776980189B6,TCGA-PRAD,1,G3,G3,0.2959116995334625,0.19025062024593353,0.2959116995334625,0.22734075784683228,0.2864969074726105,2271,
TCGA-EJ-A7NJ-01A-02-TSB.4C0C0D53-2632-4A64-B96E-354212A93C9E,TCGA-PRAD,3,G5,G5,0.3017810881137848,0.19425323605537415,0.27812501788139343,0.22584068775177002,0.3017810881137848,2188,
TCGA-EJ-A7NK-01A-01-TS1.448F57D7-002A-4F2D-8E56-FA3E13B4446D,TCGA-PRAD,1,G3,G3,0.28429466485977173,0.192629873752594,0.28429466485977173,0.2389761507511139,0.284099280834198,1799,
TCGA-EJ-A7NM-01A-02-TSB.A67844DC-708C-45E2-AF9F-CB619D24515E,TCGA-PRAD,3,G5,G5,0.34049540758132935,0.18635448813438416,0.24451099336147308,0.22863918542861938,0.34049540758132935,3195,
TCGA-EJ-A7NN-01A-01-TSA.0076EFCA-59C3-4A79-A6C6-0312470A6162,TCGA-PRAD,3,G5,G5,0.28894099593162537,0.19302184879779816,0.2836749851703644,0.2343621850013733,0.28894099593162537,3116,
TCGA-EJ-A8FN-01A-01-TSA.C6EC1B27-A3F7-4DD5-9851-8333C5A7463A,TCGA-PRAD,1,G3,G3,0.2696894705295563,0.24943462014198303,0.2696894705295563,0.2166997492313385,0.2641761302947998,3479,
TCGA-EJ-A8FO-01A-02-TSB.CFA33C50-77E1-4C62-A391-77CB00197A37,TCGA-PRAD,1,G3,G3,0.33340367674827576,0.20598755776882172,0.33340367674827576,0.23470064997673035,0.2259080857038498,2430,
TCGA-EJ-A8FO-11A-01-TSA.ACE16F58-207E-45D1-9088-29EF8189AD98,TCGA-PRAD,1,G3,G3,0.2807552218437195,0.23167484998703003,0.2807552218437195,0.22237716615200043,0.26519274711608887,1170,
TCGA-EJ-A8FP-01A-02-TSB.370670DE-27CF-4530-B684-797AC0E49DC2,TCGA-PRAD,1,G3,G3,0.2999153435230255,0.20919761061668396,0.2999153435230255,0.2197018414735794,0.27118515968322754,2402,
TCGA-EJ-A8FS-01A-01-TSA.16B8B31A-59DE-4159-ADE0-8D398DFB9414,TCGA-PRAD,3,G5,G5,0.31587719917297363,0.20093153417110443,0.25169289112091064,0.23149839043617249,0.31587719917297363,3911,
TCGA-EJ-A8FU-01A-01-TSA.454A95D5-D084-4F36-B1F1-32C6C23AB46E,TCGA-PRAD,3,G5,G5,0.28494003415107727,0.277140736579895,0.24579717218875885,0.19212204217910767,0.28494003415107727,3006,
TCGA-EJ-AB20-01A-01-TS1.44C864B0-D9E7-4A26-BC89-E705934847AA,TCGA-PRAD,1,G3,G3,0.33769387006759644,0.1930822879076004,0.33769387006759644,0.22738128900527954,0.24184252321720123,3059,
TCGA-EJ-AB27-01A-01-TSA.F77F4813-6967-431B-925F-F973F3F0F18E,TCGA-PRAD,1,G3,G3,0.3391292095184326,0.19228477776050568,0.3391292095184326,0.23061484098434448,0.23797114193439484,1826,
TCGA-FC-7708-01A-01-BS1.083ef7a6-fa6b-4d2b-bd31-c9ddb8bd9fc6,TCGA-PRAD,1,G3,G3,0.3838110566139221,0.14712361991405487,0.3838110566139221,0.24762935936450958,0.22143599390983582,3731,
TCGA-FC-7708-01A-01-TS1.52481141-5f15-4796-b7fc-91cd66268adc,TCGA-PRAD,1,G3,G3,0.39097753167152405,0.12682831287384033,0.39097753167152405,0.2627406418323517,0.21945348381996155,5116,
TCGA-FC-7708-01Z-00-DX1.393b7c70-fb4e-42cd-8725-ebab83a9400e,TCGA-PRAD,2,G4,G4,0.5672329068183899,0.006553922779858112,0.13272921741008759,0.5672329068183899,0.29348400235176086,4991,
TCGA-FC-7961-01A-01-TS1.b0f8c1fe-b03e-4509-b6a3-821815d6b11a,TCGA-PRAD,1,G3,G3,0.3543317914009094,0.11999685317277908,0.3543317914009094,0.2766398787498474,0.24903149902820587,6100,
TCGA-FC-7961-01Z-00-DX1.9a513f3d-b401-4450-8486-ee04751da4e8,TCGA-PRAD,2,G4,G4,0.5276816487312317,0.009291023015975952,0.12688782811164856,0.5276816487312317,0.336139440536499,4068,
TCGA-FC-A4JI-01A-01-TSA.C542E72B-CEB6-462E-BF6B-EA05A7F0E080,TCGA-PRAD,3,G5,G5,0.2771613895893097,0.20030023157596588,0.2558136284351349,0.26672473549842834,0.2771613895893097,3850,
TCGA-FC-A4JI-01Z-00-DX1.05793978-083B-4332-91D3-8843E5115808,TCGA-PRAD,2,G4,G4,0.47765496373176575,0.06294327974319458,0.16052445769309998,0.47765496373176575,0.2988772690296173,6546,
TCGA-FC-A5OB-01A-01-TSA.605E0BD0-5D49-4867-800A-ECBC02D3723C,TCGA-PRAD,2,G4,G4,0.28859737515449524,0.14215297996997833,0.28568124771118164,0.28859737515449524,0.2835683822631836,6228,
TCGA-FC-A5OB-01Z-00-DX1.0055A98C-140F-48D0-B4E8-F110BEF2C6BB,TCGA-PRAD,2,G4,G4,0.48026108741760254,0.004494063090533018,0.06168229877948761,0.48026108741760254,0.45356252789497375,9323,
TCGA-FC-A66V-01A-02-TSB.A0A04119-22F4-4810-AD06-E01EF78BF94E,TCGA-PRAD,1,G3,G3,0.2927824556827545,0.263620525598526,0.2927824556827545,0.19992150366306305,0.24367547035217285,6324,
TCGA-FC-A66V-01Z-00-DX1.0F1FC5E0-5BF2-4F79-85EB-F0DDA773C3BA,TCGA-PRAD,2,G4,G4,0.7180454134941101,0.0036839463282376528,0.08595623821020126,0.7180454134941101,0.19231438636779785,7327,
TCGA-FC-A6HD-01A-01-TSA.D104ED3F-41A3-4743-9F32-93849D9D1A04,TCGA-PRAD,1,G3,G3,0.2866130769252777,0.2332741767168045,0.2866130769252777,0.2233142852783203,0.2567983865737915,5008,
TCGA-FC-A6HD-01Z-00-DX1.C0F96A58-322B-439E-A304-02B2A730B96C,TCGA-PRAD,2,G4,G4,0.5450240969657898,0.010968618094921112,0.09142383188009262,0.5450240969657898,0.3525834083557129,3106,
TCGA-FC-A8O0-01A-04-TSD.88941EBE-4275-4123-8696-D579D916F810,TCGA-PRAD,1,G3,G3,0.3256036043167114,0.21871663630008698,0.3256036043167114,0.2306171953678131,0.22506260871887207,4029,
TCGA-FC-A8O0-01Z-00-DX1.BBBC76A6-FA46-47EA-A727-71C99AD079FD,TCGA-PRAD,2,G4,G4,0.7045075297355652,0.006309466436505318,0.09347928315401077,0.7045075297355652,0.19570372998714447,14484,
TCGA-G9-6329-01A-01-BS1.5b13e86b-7c22-479e-9874-bde87ff4b78f,TCGA-PRAD,1,G3,G3,0.32839569449424744,0.1617380976676941,0.32839569449424744,0.26663804054260254,0.24322815239429474,1246,
TCGA-G9-6329-01A-01-TS1.3ba7dbae-9a3e-4787-9b8b-777256a6614c,TCGA-PRAD,2,G4,G4,0.3489640951156616,0.07885360717773438,0.3000830411911011,0.3489640951156616,0.2720992863178253,5506,
TCGA-G9-6329-01Z-00-DX1.644ad1cf-baca-4b4c-ba0b-c4ecdd42750c,TCGA-PRAD,2,G4,G4,0.6347241997718811,0.005072814878076315,0.120396688580513,0.6347241997718811,0.23980627954006195,18178,
TCGA-G9-6332-01A-01-TS1.d54991a1-34d1-499b-b0d0-07b728840d7f,TCGA-PRAD,3,G5,G5,0.3111743927001953,0.11109662055969238,0.29299330711364746,0.28473564982414246,0.3111743927001953,724,
TCGA-G9-6332-01Z-00-DX1.1f517e93-7c02-473e-bc89-a86ff72c4f77,TCGA-PRAD,2,G4,G4,0.7047829627990723,0.002833052072674036,0.07972212880849838,0.7047829627990723,0.21266181766986847,16381,
TCGA-G9-6332-11A-01-TS1.5fe61c90-9e9d-4d5a-b80b-61be57975e7a,TCGA-PRAD,2,G4,G4,0.3406403958797455,0.11224772036075592,0.33448705077171326,0.3406403958797455,0.21262478828430176,1562,
TCGA-G9-6333-01A-01-BS1.0d1e11df-0a6c-46d5-a7ea-a4b06dab919c,TCGA-PRAD,1,G3,G3,0.32785290479660034,0.18002364039421082,0.32785290479660034,0.24967792630195618,0.24244555830955505,1243,
TCGA-G9-6333-01A-01-TS1.055458ad-64a6-417a-bdd4-c9aafc765146,TCGA-PRAD,2,G4,G4,0.3385057747364044,0.09031713008880615,0.3182949721813202,0.3385057747364044,0.25288212299346924,908,
TCGA-G9-6333-01Z-00-DX1.930417fd-52d1-4993-938c-e0127300b0b1,TCGA-PRAD,2,G4,G4,0.7292190790176392,0.0033220958430320024,0.09947018325328827,0.7292190790176392,0.16798867285251617,20219,
TCGA-G9-6333-11A-01-TS1.924c9301-78b6-4330-be95-533b25cf1a91,TCGA-PRAD,1,G3,G3,0.3918294310569763,0.11411019414663315,0.3918294310569763,0.30583006143569946,0.18823033571243286,1144,
TCGA-G9-6336-01A-01-TS1.e4b220ac-6221-4e03-b59a-b7df93808893,TCGA-PRAD,1,G3,G3,0.34402376413345337,0.142347514629364,0.34402376413345337,0.2693415582180023,0.2442871481180191,617,
TCGA-G9-6336-01Z-00-DX1.ec538aa0-4ecf-412c-9a5f-4babd4201307,TCGA-PRAD,2,G4,G4,0.6092343926429749,0.004997765179723501,0.11703638732433319,0.6092343926429749,0.2687315046787262,26441,
TCGA-G9-6338-01A-01-BS1.f71188e8-7d98-49da-9f9c-984fe94bb134,TCGA-PRAD,1,G3,G3,0.3728773891925812,0.12819193303585052,0.3728773891925812,0.2874799966812134,0.21145060658454895,1808,
TCGA-G9-6338-01A-01-TS1.d3e4c348-e233-40b4-86be-764b1dce529a,TCGA-PRAD,2,G4,G4,0.3280021548271179,0.06990180909633636,0.2883439064025879,0.3280021548271179,0.31375202536582947,3881,
TCGA-G9-6338-01Z-00-DX1.1c549ebe-d3be-4a86-96d8-f48a37210980,TCGA-PRAD,2,G4,G4,0.4589102566242218,0.00476148771122098,0.08384919911623001,0.4589102566242218,0.4524790048599243,33621,
TCGA-G9-6339-01A-01-TS1.3779e13d-0c53-421c-8743-8e706ed02135,TCGA-PRAD,1,G3,G3,0.34168902039527893,0.09320756793022156,0.34168902039527893,0.32381999492645264,0.24128347635269165,2511,
TCGA-G9-6339-01Z-00-DX1.121F06DE-112E-4204-9F27-8493DF8FF750,TCGA-PRAD,3,G5,G5,0.5152594447135925,0.008825762197375298,0.08427218347787857,0.39164257049560547,0.5152594447135925,9316,
TCGA-G9-6342-01A-01-BS1.5f4e5513-6cb0-4a36-81a6-a1345829224d,TCGA-PRAD,1,G3,G3,0.36900246143341064,0.14787626266479492,0.36900246143341064,0.2584291994571686,0.22469210624694824,1797,
TCGA-G9-6342-01A-01-TS1.ab5b0d9a-0bf7-4305-9aef-420319ea42d4,TCGA-PRAD,2,G4,G4,0.359122633934021,0.06276104599237442,0.31123727560043335,0.359122633934021,0.2668789327144623,1808,
TCGA-G9-6342-01Z-00-DX1.5ea9bcc5-b2ce-4aef-a89d-c02eb3fd8910,TCGA-PRAD,2,G4,G4,0.6101427674293518,0.00546808447688818,0.10783839970827103,0.6101427674293518,0.2765507400035858,19158,
TCGA-G9-6342-11A-01-TS1.933d6d1b-1745-4e4c-8687-49c7abdace50,TCGA-PRAD,2,G4,G4,0.34983929991722107,0.10330136865377426,0.3243044316768646,0.34983929991722107,0.22255487740039825,4891,
TCGA-G9-6343-01A-01-BS1.133501ab-d368-44e2-8446-7eee39633102,TCGA-PRAD,1,G3,G3,0.4165745675563812,0.12287705391645432,0.4165745675563812,0.26567134261131287,0.1948770433664322,1405,
TCGA-G9-6343-01Z-00-DX1.e5756f91-d1a7-4cb4-8140-e93bb92bf194,TCGA-PRAD,2,G4,G4,0.6624269485473633,0.006238555535674095,0.14650008082389832,0.6624269485473633,0.1848343163728714,9755,
TCGA-G9-6347-01A-01-TS1.a882166a-6433-4c20-adaf-2f4af74d56a3,TCGA-PRAD,2,G4,G4,0.3013976216316223,0.11098818480968475,0.2902936339378357,0.3013976216316223,0.2973206043243408,2948,
TCGA-G9-6347-01Z-00-DX1.583E2C3F-464D-40D4-83CC-D7B9F3F9B3C0,TCGA-PRAD,3,G5,G5,0.5473443269729614,0.009408535435795784,0.08042246848344803,0.3628246784210205,0.5473443269729614,23053,
TCGA-G9-6348-01A-01-TS1.eb97eff4-eb37-4615-b0a3-f24d3247f1a1,TCGA-PRAD,1,G3,G3,0.31637221574783325,0.13764210045337677,0.31637221574783325,0.2641858458518982,0.28179988265037537,2891,
TCGA-G9-6348-01Z-00-DX1.4c009944-287c-4025-b47c-75404e927d78,TCGA-PRAD,2,G4,G4,0.661393404006958,0.005783295724540949,0.1353417932987213,0.661393404006958,0.19748148322105408,18167,
TCGA-G9-6348-11A-01-TS1.dbdfa775-f728-45ed-acc1-014ad05af2d3,TCGA-PRAD,2,G4,G4,0.30668291449546814,0.12413831800222397,0.28374895453453064,0.30668291449546814,0.28542983531951904,2690,
TCGA-G9-6351-01A-01-BS1.3f51f8f3-0dc3-4358-ac2b-ceff0240160d,TCGA-PRAD,1,G3,G3,0.3987499475479126,0.17202791571617126,0.3987499475479126,0.23534809052944183,0.1938740462064743,1312,
TCGA-G9-6351-01Z-00-DX1.53bfb95a-6a60-49dc-80e3-6ea0f4dc9d8d,TCGA-PRAD,2,G4,G4,0.6501497626304626,0.0046594031155109406,0.10379870235919952,0.6501497626304626,0.24139215052127838,12619,
TCGA-G9-6351-11A-01-TS1.61a4f0bc-ddc2-430c-b459-b43aaccfd5ee,TCGA-PRAD,1,G3,G3,0.3286578059196472,0.1700465828180313,0.3286578059196472,0.25755080580711365,0.24374479055404663,1054,
TCGA-G9-6353-01A-01-BS1.648ae426-984d-45d7-86e1-04e8fc78d5c5,TCGA-PRAD,1,G3,G3,0.429648220539093,0.15406431257724762,0.429648220539093,0.23816829919815063,0.17811919748783112,2430,
TCGA-G9-6353-01A-01-TS1.4ab909c9-9fa2-40c8-8058-302570208624,TCGA-PRAD,1,G3,G3,0.35951462388038635,0.15142668783664703,0.35951462388038635,0.2572632133960724,0.23179534077644348,660,
TCGA-G9-6353-01Z-00-DX1.4eb1f19f-67b8-47dc-a4da-b781441e9281,TCGA-PRAD,2,G4,G4,0.6487064957618713,0.005092794541269541,0.11723534017801285,0.6487064957618713,0.2289653867483139,20414,
TCGA-G9-6353-11A-01-TS1.7e872500-6dbe-4625-af49-308ff54a9f8f,TCGA-PRAD,1,G3,G3,0.3884962201118469,0.12840893864631653,0.3884962201118469,0.2963947057723999,0.18670015037059784,1177,
TCGA-G9-6354-01A-01-TS1.1634c0ee-4dff-4579-9176-4398c2913b80,TCGA-PRAD,1,G3,G3,0.36332497000694275,0.10919718444347382,0.36332497000694275,0.3012262284755707,0.22625163197517395,630,
TCGA-G9-6354-01Z-00-DX1.CE5E817C-B5AC-4D81-B610-C608FA32D1AB,TCGA-PRAD,2,G4,G4,0.5177798867225647,0.004327698145061731,0.06386362016201019,0.5177798867225647,0.41402873396873474,20368,
TCGA-G9-6356-01A-01-BS1.98a14684-9655-48e6-a6ab-f9a092a6f0ee,TCGA-PRAD,1,G3,G3,0.3424374461174011,0.17391851544380188,0.3424374461174011,0.24056507647037506,0.2430790364742279,2886,
TCGA-G9-6356-01A-01-TS1.9d7a0069-ddc4-46eb-b6dd-763f66db8de6,TCGA-PRAD,1,G3,G3,0.325624018907547,0.16036356985569,0.325624018907547,0.2530931532382965,0.2609192728996277,2908,
TCGA-G9-6356-01Z-00-DX1.e9631d5e-7454-4dab-b3f8-f157f0ed3715,TCGA-PRAD,2,G4,G4,0.5707207322120667,0.004978104028850794,0.09867843240499496,0.5707207322120667,0.32562270760536194,19451,
TCGA-G9-6356-11A-01-TS1.a33b67e3-1071-4504-a481-54d186575124,TCGA-PRAD,1,G3,G3,0.34119337797164917,0.1495351940393448,0.34119337797164917,0.2954902648925781,0.21378111839294434,5506,
TCGA-G9-6361-01A-01-BS1.469dee21-6164-41da-be6f-1bcaa94c6bb4,TCGA-PRAD,1,G3,G3,0.3625352680683136,0.1582871824502945,0.3625352680683136,0.2572426199913025,0.2219349592924118,3495,
TCGA-G9-6361-01Z-00-DX1.41814e1f-71af-4e91-b5ba-6703c112bbe8,TCGA-PRAD,2,G4,G4,0.4875280261039734,0.00519705330953002,0.07737116515636444,0.4875280261039734,0.4299038052558899,23508,
TCGA-G9-6362-01A-01-BS1.90145c5e-10c4-4f04-9d4c-8b80cd438f2e,TCGA-PRAD,1,G3,G3,0.33656173944473267,0.15562425553798676,0.33656173944473267,0.2610677182674408,0.24674631655216217,4005,
TCGA-G9-6362-01A-01-TS1.2411f11a-be2b-4703-902f-06210387acfb,TCGA-PRAD,3,G5,G5,0.28962114453315735,0.14650236070156097,0.2786897122859955,0.2851868271827698,0.28962114453315735,2392,
TCGA-G9-6362-01Z-00-DX1.01f380d7-a7cc-4a0f-a003-a087858701af,TCGA-PRAD,2,G4,G4,0.45783162117004395,0.004947866313159466,0.08203715085983276,0.45783162117004395,0.45518335700035095,27099,
TCGA-G9-6362-11A-01-TS1.77864fd0-cc59-4f1b-9652-03e47dde24ca,TCGA-PRAD,2,G4,G4,0.34293439984321594,0.08765909075737,0.32778266072273254,0.34293439984321594,0.24162381887435913,3323,
TCGA-G9-6363-01A-01-BS1.c0a77a0e-dbca-4714-896b-39c4a47a3100,TCGA-PRAD,1,G3,G3,0.3630644381046295,0.14191676676273346,0.3630644381046295,0.27285975217819214,0.2221590280532837,2070,
TCGA-G9-6363-01Z-00-DX1.390dc5bd-9d79-459c-8251-548c8f30cff0,TCGA-PRAD,3,G5,G5,0.4730782210826874,0.0063629308715462685,0.08388219773769379,0.43667659163475037,0.4730782210826874,18430,
TCGA-G9-6363-11A-01-TS1.51e12d30-85fb-461e-90ee-6767b3ef1c3b,TCGA-PRAD,2,G4,G4,0.40852251648902893,0.05896130949258804,0.2997119128704071,0.40852251648902893,0.23280419409275055,1415,
TCGA-G9-6364-01A-01-BS1.63ba3b77-3020-41b2-8be8-90b1f8d50e7f,TCGA-PRAD,1,G3,G3,0.3845938742160797,0.17314867675304413,0.3845938742160797,0.2403046041727066,0.20195285975933075,6201,
TCGA-G9-6364-01Z-00-DX1.caf8af7b-eef3-4c8f-a05d-1679cb02aca5,TCGA-PRAD,2,G4,G4,0.6168174743652344,0.005803732667118311,0.10892151296138763,0.6168174743652344,0.268457293510437,18121,
TCGA-G9-6364-11A-01-TS1.7c6c430b-31cb-4127-bd18-b5e37e92f33a,TCGA-PRAD,1,G3,G3,0.3553776144981384,0.09905527532100677,0.3553776144981384,0.34755146503448486,0.19801568984985352,4599,
TCGA-G9-6365-01A-01-BS1.a419e38b-7595-44cf-b1a1-c83588add655,TCGA-PRAD,1,G3,G3,0.34454822540283203,0.1467643827199936,0.34454822540283203,0.2740733325481415,0.23461413383483887,3621,
TCGA-G9-6365-01A-01-TS1.875f953c-6dcd-4a95-8ead-d494b3b6c7bd,TCGA-PRAD,1,G3,G3,0.31871044635772705,0.12443602830171585,0.31871044635772705,0.28551343083381653,0.27134013175964355,1863,
TCGA-G9-6365-01Z-00-DX1.58e1ed37-d7bb-4f41-b5a1-ad92af2b0ac8,TCGA-PRAD,2,G4,G4,0.6563408374786377,0.003973775543272495,0.08631015568971634,0.6563408374786377,0.25337523221969604,23705,
TCGA-G9-6365-11A-01-TS1.485da283-3329-4c91-b99e-769b92daac6d,TCGA-PRAD,1,G3,G3,0.5183769464492798,0.07256811857223511,0.5183769464492798,0.29660335183143616,0.11245160549879074,4122,
TCGA-G9-6366-01A-01-BS1.280738e2-0ac9-4202-8ab2-aa1ce235ca53,TCGA-PRAD,1,G3,G3,0.38662880659103394,0.12021293491125107,0.38662880659103394,0.2798967659473419,0.21326151490211487,6779,
TCGA-G9-6366-01A-01-TS1.63bb190e-0d0a-4b06-99ba-33a9c70dbac7,TCGA-PRAD,3,G5,G5,0.34603041410446167,0.061967574059963226,0.2536018490791321,0.33840009570121765,0.34603041410446167,5239,
TCGA-G9-6366-01Z-00-DX1.4e68a4f0-ff9b-49da-ba2d-97235f61dfac,TCGA-PRAD,2,G4,G4,0.5002678632736206,0.005368239711970091,0.08136879652738571,0.5002678632736206,0.4129951000213623,16300,
TCGA-G9-6367-01A-01-BS1.6b2c714c-4890-4949-8b2a-94724fe5db35,TCGA-PRAD,1,G3,G3,0.37594765424728394,0.17678360641002655,0.37594765424728394,0.24542535841464996,0.20184338092803955,5222,
TCGA-G9-6367-01A-01-TS1.d7c9514c-c576-4616-875c-67151a0a9491,TCGA-PRAD,1,G3,G3,0.3295030891895294,0.1292639523744583,0.3295030891895294,0.27985045313835144,0.2613826096057892,2935,
TCGA-G9-6367-01Z-00-DX1.0f5d51fc-42f6-41ee-9419-b547df5e7f8e,TCGA-PRAD,3,G5,G5,0.7192385196685791,0.0023259820882230997,0.03710440918803215,0.241331085562706,0.7192385196685791,21390,
TCGA-G9-6367-11A-01-TS1.422fce9c-3fa7-4900-bdab-5ca7173c335e,TCGA-PRAD,2,G4,G4,0.36411625146865845,0.1054447591304779,0.35486680269241333,0.36411625146865845,0.17557217180728912,1416,
TCGA-G9-6369-01A-01-BS1.6e101972-c756-44e3-ade1-0c4b45ada174,TCGA-PRAD,1,G3,G3,0.38240376114845276,0.13155855238437653,0.38240376114845276,0.2827867567539215,0.2032509595155716,1531,
TCGA-G9-6369-01Z-00-DX1.9d3f2ef1-edab-4a51-b964-cfd90e6c7c8f,TCGA-PRAD,2,G4,G4,0.6514043211936951,0.0045854575000703335,0.10405806452035904,0.6514043211936951,0.2399521768093109,18237,
TCGA-G9-6370-01A-01-BS1.ef27baac-c27a-4d49-9c6c-2e0e0cc51bfd,TCGA-PRAD,1,G3,G3,0.3720987141132355,0.14198684692382812,0.3720987141132355,0.26602935791015625,0.2198852151632309,1479,
TCGA-G9-6370-01A-01-TS1.420b5ec1-dca9-45cc-b31f-4bb61ba55197,TCGA-PRAD,2,G4,G4,0.33443138003349304,0.07559560239315033,0.31589943170547485,0.33443138003349304,0.2740735709667206,1444,
TCGA-G9-6370-01Z-00-DX1.6350a132-43b7-4b2e-9c83-23e7f00b60ff,TCGA-PRAD,2,G4,G4,0.6561280488967896,0.007512242533266544,0.1561206430196762,0.6561280488967896,0.18023911118507385,19656,
TCGA-G9-6371-01A-01-BS1.5983b0ef-e763-4e3d-b07d-88d00e75688d,TCGA-PRAD,1,G3,G3,0.413974791765213,0.13298681378364563,0.413974791765213,0.26050594449043274,0.19253242015838623,642,
TCGA-G9-6371-01A-01-TS1.f93ece1e-3101-4212-ae22-4ab9d72fdc2a,TCGA-PRAD,1,G3,G3,0.3357173800468445,0.12866565585136414,0.3357173800468445,0.2854937016963959,0.2501232624053955,929,
TCGA-G9-6371-01Z-00-DX1.0c8cc8d4-bb9e-4ade-aaa9-22c451fb363b,TCGA-PRAD,2,G4,G4,0.7110973596572876,0.003183027496561408,0.09525861591100693,0.7110973596572876,0.1904609650373459,28340,
TCGA-G9-6373-01A-01-BS1.d6266ca4-7e0e-42c1-8bef-2bd778a8f279,TCGA-PRAD,1,G3,G3,0.36423924565315247,0.15197715163230896,0.36423924565315247,0.26679009199142456,0.21699358522891998,1222,
TCGA-G9-6373-01A-01-TS1.491dcda8-f861-4600-be09-3c64a733d47a,TCGA-PRAD,3,G5,G5,0.3180427849292755,0.11776161193847656,0.25439557433128357,0.30980005860328674,0.3180427849292755,2279,
TCGA-G9-6373-01Z-00-DX1.cb1899c3-2157-49ee-ac4f-8092d02b5f2f,TCGA-PRAD,2,G4,G4,0.5107911825180054,0.009407801553606987,0.11351045966148376,0.5107911825180054,0.3662905693054199,11042,
TCGA-G9-6373-11A-01-TS1.5d803f34-bb67-4c20-9a90-93d3e28a1ef0,TCGA-PRAD,1,G3,G3,0.34933575987815857,0.1085318773984909,0.34933575987815857,0.32241275906562805,0.21971960365772247,6040,
TCGA-G9-6377-01A-01-BS1.5cc24d73-153a-48c4-a21d-9c5bdbca505c,TCGA-PRAD,1,G3,G3,0.4355451762676239,0.09765246510505676,0.4355451762676239,0.2766326069831848,0.1901697814464569,389,
TCGA-G9-6377-01A-01-TS1.c629ee70-2d88-4672-8088-41cfe6584466,TCGA-PRAD,1,G3,G3,0.29291051626205444,0.1432187706232071,0.29291051626205444,0.2781115770339966,0.2857591509819031,1615,
TCGA-G9-6377-01Z-00-DX1.e446e088-404c-4ae7-b2b2-b81057c0c454,TCGA-PRAD,2,G4,G4,0.55032879114151,0.016221852973103523,0.17030155658721924,0.55032879114151,0.26314786076545715,10877,
TCGA-G9-6378-01A-01-BS1.bc59e095-f3ab-4a6e-8cef-ea7fc76abec8,TCGA-PRAD,1,G3,G3,0.4215560853481293,0.12095662206411362,0.4215560853481293,0.27899038791656494,0.17849686741828918,1198,
TCGA-G9-6378-01A-01-TS1.5e34f0c4-80be-4784-b765-deef6b0b8f38,TCGA-PRAD,1,G3,G3,0.34468480944633484,0.13528504967689514,0.34468480944633484,0.27972742915153503,0.2403026819229126,2584,
TCGA-G9-6378-01Z-00-DX1.c06b70ec-64ee-4db0-8682-72c1cc0e97bc,TCGA-PRAD,2,G4,G4,0.5800454616546631,0.005589046981185675,0.11830341070890427,0.5800454616546631,0.29606202244758606,30090,
TCGA-G9-6379-01A-01-TS1.e68160c6-6fff-4da8-b308-11cb9644471f,TCGA-PRAD,3,G5,G5,0.30585360527038574,0.11916545033454895,0.2891930937767029,0.2857879102230072,0.30585360527038574,5377,
TCGA-G9-6379-01Z-00-DX1.7EE265D9-72A6-4019-924E-D88C865F66CA,TCGA-PRAD,2,G4,G4,0.5098631978034973,0.004966065287590027,0.06844945251941681,0.5098631978034973,0.41672131419181824,13562,
TCGA-G9-6384-01A-01-BS1.6ce38e25-bc4c-4bf9-9a22-59f199d3967d,TCGA-PRAD,1,G3,G3,0.3409644663333893,0.12419037520885468,0.3409644663333893,0.2740532159805298,0.2607920169830322,4943,
TCGA-G9-6384-01A-01-TS1.1454c986-bb6c-441e-a29c-314bc3810db5,TCGA-PRAD,2,G4,G4,0.3198895752429962,0.09056580066680908,0.290414959192276,0.3198895752429962,0.2991296648979187,3584,
TCGA-G9-6384-01Z-00-DX1.5f44fa1f-bedb-45b7-829d-c60731e4d236,TCGA-PRAD,2,G4,G4,0.6536403298377991,0.0029436431359499693,0.07968847453594208,0.6536403298377991,0.2637275457382202,17844,
TCGA-G9-6384-11A-01-TS1.45070a85-3092-403a-80ba-470810416ee1,TCGA-PRAD,1,G3,G3,0.3818916976451874,0.10100700706243515,0.3818916976451874,0.3500051498413086,0.1670961081981659,2780,
TCGA-G9-6385-01A-01-TS1.f8f5b668-5259-46fd-9135-dadbb6590788,TCGA-PRAD,1,G3,G3,0.36735430359840393,0.12596248090267181,0.36735430359840393,0.2897554039955139,0.21692781150341034,1259,
TCGA-G9-6385-01Z-00-DX1.e75b4a90-f29f-4e80-a0a6-f2fb80d0e2d8,TCGA-PRAD,2,G4,G4,0.7272545099258423,0.00441883597522974,0.12356802821159363,0.7272545099258423,0.14475864171981812,22903,
TCGA-G9-6385-11A-01-TS1.a39e9053-f487-4117-a010-3b2af2c9dc53,TCGA-PRAD,2,G4,G4,0.4367928206920624,0.061532583087682724,0.2550334632396698,0.4367928206920624,0.2466411590576172,3122,
TCGA-G9-6494-01A-01-BS1.3cd65563-f85f-445f-930f-6e59480ee8bd,TCGA-PRAD,1,G3,G3,0.349225252866745,0.14922989904880524,0.349225252866745,0.2724240720272064,0.22912080585956573,1479,
TCGA-G9-6494-01A-01-TS1.ddd3134e-1c27-406c-a6ef-7178c1144bbe,TCGA-PRAD,2,G4,G4,0.33246174454689026,0.05754511430859566,0.28168314695358276,0.33246174454689026,0.3283100128173828,4116,
TCGA-G9-6494-01Z-00-DX1.023d173a-85dc-4814-9c1e-449f491eb444,TCGA-PRAD,2,G4,G4,0.6577569246292114,0.005322970449924469,0.10933459550142288,0.6577569246292114,0.2275855392217636,22096,
TCGA-G9-6494-11A-01-TS1.a44abbcd-7ad2-49ac-a045-68b22b23cfef,TCGA-PRAD,1,G3,G3,0.4594520628452301,0.12641622126102448,0.4594520628452301,0.27381253242492676,0.1403191089630127,4232,
TCGA-G9-6496-01A-01-BS1.b18387e6-1efb-45b9-9d5b-3b70aec7d40d,TCGA-PRAD,1,G3,G3,0.3886675536632538,0.14506420493125916,0.3886675536632538,0.2787361145019531,0.18753214180469513,2030,
TCGA-G9-6496-01A-01-TS1.53804906-6fb0-47c8-9e69-51f4d3af38d4,TCGA-PRAD,1,G3,G3,0.3016867935657501,0.143209308385849,0.3016867935657501,0.301266074180603,0.25383782386779785,2535,
TCGA-G9-6496-01Z-00-DX1.c883d773-50ce-4fa7-a96c-1faf0500da28,TCGA-PRAD,2,G4,G4,0.5810747146606445,0.00550951948389411,0.12379640340805054,0.5810747146606445,0.2896193265914917,12110,
TCGA-G9-6496-11A-01-TS1.9a257c76-94d6-4cca-8585-7c5a70cd44e2,TCGA-PRAD,1,G3,G3,0.3634885251522064,0.10401574522256851,0.3634885251522064,0.3495185375213623,0.18297718465328217,4923,
TCGA-G9-6498-01A-01-TS1.f3baadab-d3ef-4599-b846-3930a40ef3d2,TCGA-PRAD,1,G3,G3,0.31588101387023926,0.14902335405349731,0.31588101387023926,0.28364065289497375,0.25145503878593445,2170,
TCGA-G9-6498-01Z-00-DX1.B89E5C96-DEB5-4ABE-9378-99E5869899A7,TCGA-PRAD,2,G4,G4,0.5834625959396362,0.0038897055201232433,0.07672104984521866,0.5834625959396362,0.3359266519546509,15328,
TCGA-G9-6499-01A-01-BS1.f12590c2-3be7-4210-885e-3ae7ee550a54,TCGA-PRAD,1,G3,G3,0.37778952717781067,0.16002137959003448,0.37778952717781067,0.2585664987564087,0.20362266898155212,1583,
TCGA-G9-6499-01A-01-TS1.d0b05534-c109-4f91-bdc8-64bccfe23d86,TCGA-PRAD,2,G4,G4,0.3550138473510742,0.07531409710645676,0.3445427417755127,0.3550138473510742,0.22512935101985931,4389,
TCGA-G9-6499-01Z-00-DX1.4d60a36f-fccc-44b5-b8df-360fbc704c23,TCGA-PRAD,2,G4,G4,0.5840384364128113,0.007916642352938652,0.12596267461776733,0.5840384364128113,0.2820822596549988,25032,
TCGA-G9-6499-11A-01-TS1.48295ef7-2e90-4f20-87bc-04c07dd56bd8,TCGA-PRAD,2,G4,G4,0.3739921748638153,0.06900238245725632,0.3068937361240387,0.3739921748638153,0.25011172890663147,2810,
TCGA-G9-7509-01A-01-TS1.42f37fea-c33c-42eb-bf86-ffa0c29e14da,TCGA-PRAD,1,G3,G3,0.2996853291988373,0.16877320408821106,0.2996853291988373,0.2692597806453705,0.2622816562652588,3973,
TCGA-G9-7509-01Z-00-DX1.D75B78D5-F5B9-4684-9FE0-C7279122D66F,TCGA-PRAD,3,G5,G5,0.4367744028568268,0.05179496109485626,0.1490107625722885,0.36241987347602844,0.4367744028568268,6346,
TCGA-G9-7510-01A-01-BS1.ef501d4b-2050-4a14-ba70-30af075a285c,TCGA-PRAD,1,G3,G3,0.3681488633155823,0.14395472407341003,0.3681488633155823,0.2684992551803589,0.21939720213413239,2801,
TCGA-G9-7510-01A-01-TS1.b71e2eb0-7bed-4f87-8980-fcedacf1fe51,TCGA-PRAD,3,G5,G5,0.3316115438938141,0.15701815485954285,0.24441228806972504,0.26695799827575684,0.3316115438938141,6615,
TCGA-G9-7510-01Z-00-DX1.1f670df9-1bc4-40bd-8a5f-3a14cd0d794b,TCGA-PRAD,2,G4,G4,0.5452442169189453,0.006915926933288574,0.10033319890499115,0.5452442169189453,0.34750664234161377,10059,
TCGA-G9-7519-01A-01-TS1.abb8de74-40e5-49bb-a056-3a0669ddab4c,TCGA-PRAD,3,G5,G5,0.2888945937156677,0.2066344916820526,0.26236459612846375,0.24210625886917114,0.2888945937156677,2577,
TCGA-G9-7519-01Z-00-DX1.1858532a-d4db-4ee7-95d3-8d733694a275,TCGA-PRAD,2,G4,G4,0.5417037010192871,0.009274857118725777,0.125555619597435,0.5417037010192871,0.32346585392951965,12701,
TCGA-G9-7521-01A-01-BS1.e1f7c4bd-35a3-43fa-acb6-93345fc61ca4,TCGA-PRAD,3,G5,G5,0.2856604754924774,0.1888086348772049,0.27200666069984436,0.2535242736339569,0.2856604754924774,2232,
TCGA-G9-7521-01A-01-TS1.3eded173-8a3e-4653-9a56-21d48ae5dcbc,TCGA-PRAD,3,G5,G5,0.29973384737968445,0.2151600420475006,0.2538030445575714,0.23130308091640472,0.29973384737968445,2662,
TCGA-G9-7521-01Z-00-DX1.6b2a4c47-db98-44fe-b5f8-c96ec398f37a,TCGA-PRAD,2,G4,G4,0.506553053855896,0.003996333107352257,0.06411745399236679,0.506553053855896,0.4253331124782562,10738,
TCGA-G9-7522-01A-01-BS1.71949125-dda4-413d-b700-6e9bc0800ec3,TCGA-PRAD,1,G3,G3,0.30801743268966675,0.23989874124526978,0.30801743268966675,0.22421500086784363,0.22786886990070343,2708,
TCGA-G9-7522-01A-01-TS1.a9d0ae6f-3034-4fef-b984-a329801123c0,TCGA-PRAD,1,G3,G3,0.3062601089477539,0.25384536385536194,0.3062601089477539,0.2140370011329651,0.2258574664592743,1237,
TCGA-G9-7522-01Z-00-DX1.103e1fde-1559-4095-95b9-020a2459193b,TCGA-PRAD,2,G4,G4,0.690824568271637,0.0030632137786597013,0.07549577206373215,0.690824568271637,0.2306164801120758,10318,
TCGA-G9-7523-01A-01-BS1.e163a490-6c6b-49f0-a32f-e614ee8d38b3,TCGA-PRAD,3,G5,G5,0.2859715521335602,0.23399899899959564,0.2547045350074768,0.22532495856285095,0.2859715521335602,2690,
TCGA-G9-7523-01A-01-TS1.946b3311-92c7-4023-aed3-16d4280a9725,TCGA-PRAD,0,Normal,Normal,0.2727828323841095,0.2727828323841095,0.2530750036239624,0.21010549366474152,0.2640366554260254,2750,
TCGA-G9-7523-01Z-00-DX1.2551f5e7-9fac-422f-b83a-2ecfd0e4e244,TCGA-PRAD,3,G5,G5,0.5523850917816162,0.006209500599652529,0.06967877596616745,0.3717266321182251,0.5523850917816162,7434,
TCGA-G9-7525-01A-02-BS2.3ab2f77b-9450-4b4f-92e0-18525953c929,TCGA-PRAD,1,G3,G3,0.34078481793403625,0.21668577194213867,0.34078481793403625,0.2031995952129364,0.23932981491088867,344,
TCGA-G9-7525-01Z-00-DX1.076ebb72-f9f0-4b5b-88c7-21493d39f333,TCGA-PRAD,2,G4,G4,0.5404019951820374,0.0031870007514953613,0.06566942483186722,0.5404019951820374,0.3907415270805359,18734,
TCGA-G9-A9S0-01A-01-TSA.45CFA035-876E-43EE-88E2-A9D827BA75B0,TCGA-PRAD,1,G3,G3,0.29321250319480896,0.19515390694141388,0.29321250319480896,0.22916138172149658,0.2824721932411194,4542,
TCGA-G9-A9S0-01Z-00-DX1.790729D2-1AF4-4ACF-A470-A9ADC786298E,TCGA-PRAD,3,G5,G5,0.6057081818580627,0.004987132735550404,0.053673580288887024,0.3356311619281769,0.6057081818580627,17647,
TCGA-G9-A9S4-01A-01-TS1.39B17C81-864D-4D77-B777-88B4F5FC629C,TCGA-PRAD,1,G3,G3,0.2835061848163605,0.21196526288986206,0.2835061848163605,0.22217948734760284,0.2823490500450134,3371,
TCGA-G9-A9S4-01Z-00-DX1.847AD7EA-278E-4E78-9465-1CA8229017AA,TCGA-PRAD,3,G5,G5,0.5306656956672668,0.004718469455838203,0.05526622384786606,0.40934959053993225,0.5306656956672668,17163,
TCGA-G9-A9S7-01A-01-TSA.9A9DE5A1-481C-4B25-A9D9-712475F383D0,TCGA-PRAD,1,G3,G3,0.2846856415271759,0.22466707229614258,0.2846856415271759,0.21580849587917328,0.27483877539634705,2100,
TCGA-G9-A9S7-01Z-00-DX1.E46D2A59-1B23-4841-B327-C9AAE176AD2D,TCGA-PRAD,3,G5,G5,0.6423635482788086,0.018472852185368538,0.07922087609767914,0.2599427402019501,0.6423635482788086,11485,
TCGA-H9-7775-01A-01-BS1.b17d7138-8f7b-4e77-8e91-03aa0949e359,TCGA-PRAD,1,G3,G3,0.3032487630844116,0.1259712278842926,0.3032487630844116,0.28932663798332214,0.2814534306526184,527,
TCGA-H9-7775-01A-01-TS1.b856c41f-dc36-427e-bdc7-ff480ad9a042,TCGA-PRAD,2,G4,G4,0.5518481731414795,0.004865873605012894,0.1892419308423996,0.5518481731414795,0.25404396653175354,909,
TCGA-H9-7775-01Z-00-DX1.ce2fb4f9-7a84-467c-8326-2c6605f3a1e9,TCGA-PRAD,2,G4,G4,0.528221607208252,0.004373242612928152,0.1441989541053772,0.528221607208252,0.3232061266899109,1843,
TCGA-H9-A6BX-01A-03-TS3.6684E363-B24A-4FA5-BDEA-EB892F20221C,TCGA-PRAD,1,G3,G3,0.2964719235897064,0.17627371847629547,0.2964719235897064,0.24747158586978912,0.2797827422618866,2638,
TCGA-H9-A6BX-01Z-00-DX1.B73DC319-AE9E-4B6E-8540-8A870B0246D2,TCGA-PRAD,2,G4,G4,0.660234272480011,0.009082590229809284,0.1707414835691452,0.660234272480011,0.1599416881799698,4344,
TCGA-H9-A6BY-01A-01-TS1.9D1BC9B2-6474-4430-ABAD-B7B9A642D9BE,TCGA-PRAD,3,G5,G5,0.2897312045097351,0.2053673267364502,0.28856053948402405,0.21634098887443542,0.2897312045097351,1551,
TCGA-H9-A6BY-01Z-00-DX1.304BEB19-3F0A-4676-B077-A4650F5C84A5,TCGA-PRAD,2,G4,G4,0.5460638403892517,0.019028814509510994,0.18472827970981598,0.5460638403892517,0.2501790523529053,1939,
TCGA-HC-7075-01A-01-TS1.84d0d611-75ad-4e48-a14d-a9f56df82203,TCGA-PRAD,1,G3,G3,0.38821229338645935,0.10658517479896545,0.38821229338645935,0.2941274642944336,0.21107502281665802,1128,
TCGA-HC-7075-01Z-00-DX1.38ecaf2d-62ed-4d1c-8e88-0e757cffe77c,TCGA-PRAD,2,G4,G4,0.5473303198814392,0.006243002135306597,0.17295648157596588,0.5473303198814392,0.2734701633453369,1556,
TCGA-HC-7077-01A-01-BS1.08c66319-ff79-4103-b138-bc76a962cef1,TCGA-PRAD,1,G3,G3,0.3814545273780823,0.11289001256227493,0.3814545273780823,0.2790932357311249,0.22656217217445374,2291,
TCGA-HC-7077-01A-01-TS1.083bb153-4acd-4a80-a481-c4e4dea29c0c,TCGA-PRAD,1,G3,G3,0.36994463205337524,0.11325690150260925,0.36994463205337524,0.29154708981513977,0.22525137662887573,1847,
TCGA-HC-7077-01Z-00-DX1.18652ead-c43f-41bd-aefd-5364bc4d236e,TCGA-PRAD,2,G4,G4,0.5732014179229736,0.007892772555351257,0.19146212935447693,0.5732014179229736,0.22744370996952057,1243,
TCGA-HC-7078-01A-01-TS1.70ba2c61-1e37-4750-a127-36c4f76783d2,TCGA-PRAD,1,G3,G3,0.3840929865837097,0.09104074537754059,0.3840929865837097,0.3111550509929657,0.21371117234230042,1077,
TCGA-HC-7078-01Z-00-DX1.12d9739d-337d-4e6f-b971-033635dfd07a,TCGA-PRAD,2,G4,G4,0.39476194977760315,0.026683025062084198,0.25129321217536926,0.39476194977760315,0.3272618353366852,529,
TCGA-HC-7079-01A-01-BS1.4fe73719-f126-4d99-9c6b-01c2edce0fce,TCGA-PRAD,1,G3,G3,0.30614587664604187,0.16048987209796906,0.30614587664604187,0.27929601073265076,0.2540682554244995,1189,
TCGA-HC-7079-01A-01-TS1.2e112c76-4fa4-4a7a-a68e-745bb3fea37a,TCGA-PRAD,3,G5,G5,0.3101828098297119,0.13503699004650116,0.24725636839866638,0.30752378702163696,0.3101828098297119,2200,
TCGA-HC-7079-01Z-00-DX1.5fb22f2a-ee91-4a0d-a696-a72ebb3414b1,TCGA-PRAD,2,G4,G4,0.43414226174354553,0.026280421763658524,0.18324178457260132,0.43414226174354553,0.35633552074432373,1807,
TCGA-HC-7080-01A-01-TS1.3d51787a-b9fa-41d1-a5bb-f43785f29bf7,TCGA-PRAD,1,G3,G3,0.3146957457065582,0.13011601567268372,0.3146957457065582,0.30154818296432495,0.2536400854587555,912,
TCGA-HC-7080-01Z-00-DX1.c979be6a-e7c9-4840-8555-6f34499dd2bf,TCGA-PRAD,3,G5,G5,0.41368040442466736,0.035887546837329865,0.1892227828502655,0.36120927333831787,0.41368040442466736,486,
TCGA-HC-7081-01A-01-BS1.90f27139-f055-4e70-a7e1-51e495f9856d,TCGA-PRAD,1,G3,G3,0.34182465076446533,0.09026788175106049,0.34182465076446533,0.2991189658641815,0.26878857612609863,1545,
TCGA-HC-7081-01A-01-TS1.6d85eaa2-aaa8-404c-8be1-f1be693b1792,TCGA-PRAD,2,G4,G4,0.32618722319602966,0.09525476396083832,0.28892672061920166,0.32618722319602966,0.2896312177181244,1287,
TCGA-HC-7081-01Z-00-DX1.d4118273-e95d-41ed-9154-188ef3e005a4,TCGA-PRAD,2,G4,G4,0.5589450597763062,0.014772622846066952,0.206156924366951,0.5589450597763062,0.22012539207935333,2004,
TCGA-HC-7209-01A-01-TS1.028552bb-3a9b-44dd-80c4-49d9680b2807,TCGA-PRAD,1,G3,G3,0.34888362884521484,0.1016625240445137,0.34888362884521484,0.2894935607910156,0.2599603235721588,868,
TCGA-HC-7209-01Z-00-DX1.ccf1d3c8-0351-4b7e-8539-0817ce3b8364,TCGA-PRAD,1,G3,G3,0.3786129057407379,0.030109375715255737,0.3786129057407379,0.3642066419124603,0.2270711362361908,1122,
TCGA-HC-7210-01A-01-TS1.b3373f8e-50f9-49c0-a1ee-4393e307eaf2,TCGA-PRAD,3,G5,G5,0.3240525424480438,0.12221061438322067,0.27311986684799194,0.28061702847480774,0.3240525424480438,2198,
TCGA-HC-7210-01Z-00-DX1.07b41e7b-3097-4a56-a8db-249b9fb0553b,TCGA-PRAD,1,G3,G3,0.41747426986694336,0.02548469789326191,0.41747426986694336,0.3434932231903076,0.21354784071445465,2075,
TCGA-HC-7211-01A-01-TS1.488fb7c0-37fd-47c7-b814-8e0fd9aa6738,TCGA-PRAD,2,G4,G4,0.3169022500514984,0.10235556960105896,0.28461527824401855,0.3169022500514984,0.29612693190574646,1491,
TCGA-HC-7211-01Z-00-DX1.59ee78f9-0af3-4b3b-be43-128a59174f21,TCGA-PRAD,2,G4,G4,0.5929358005523682,0.006573978345841169,0.17417581379413605,0.5929358005523682,0.22631438076496124,3743,
TCGA-HC-7211-11A-01-TS1.14e83f0a-f674-431f-be07-4213e7acf3dc,TCGA-PRAD,1,G3,G3,0.363076388835907,0.17431677877902985,0.363076388835907,0.2318257838487625,0.23078098893165588,729,
TCGA-HC-7212-01A-01-TS1.adcfb513-ab65-454d-982d-683041804f67,TCGA-PRAD,3,G5,G5,0.3174040913581848,0.11524072289466858,0.27740055322647095,0.28995466232299805,0.3174040913581848,2435,
TCGA-HC-7212-01Z-00-DX1.2c63a191-9ada-4744-abe9-4c2f7124a42e,TCGA-PRAD,2,G4,G4,0.5019631385803223,0.011050363071262836,0.1360192894935608,0.5019631385803223,0.350967139005661,2623,
TCGA-HC-7213-01A-01-TS1.ced3b462-b10b-46af-80e2-71ddc7e5fe6d,TCGA-PRAD,3,G5,G5,0.33157843351364136,0.09683423489332199,0.266074001789093,0.3055133521556854,0.33157843351364136,1678,
TCGA-HC-7213-01Z-00-DX1.5b03a3f2-ae77-4906-81b6-e9a5c0c5ed16,TCGA-PRAD,2,G4,G4,0.40938735008239746,0.023126183077692986,0.3409455716609955,0.40938735008239746,0.2265409231185913,2876,
TCGA-HC-7230-01A-01-TS1.801ef360-b532-4cb6-81c3-9941d2646dd0,TCGA-PRAD,1,G3,G3,0.3144056797027588,0.20175416767597198,0.3144056797027588,0.2218782603740692,0.2619618773460388,493,
TCGA-HC-7230-01Z-00-DX1.da088457-3abd-4943-92e5-4b74d72010f1,TCGA-PRAD,2,G4,G4,0.7199257612228394,0.004806125536561012,0.17095528542995453,0.7199257612228394,0.10431282967329025,2932,
TCGA-HC-7231-01A-01-TS1.49eca002-316f-4e47-b40d-eca04ed17c8c,TCGA-PRAD,1,G3,G3,0.2902081310749054,0.16583865880966187,0.2902081310749054,0.25974544882774353,0.28420770168304443,679,
TCGA-HC-7231-01Z-00-DX1.0850ecf9-5d71-48b3-b147-716bd792e862,TCGA-PRAD,2,G4,G4,0.6875841021537781,0.005686575546860695,0.17349301278591156,0.6875841021537781,0.1332363486289978,729,
TCGA-HC-7232-01A-01-BS1.41fa2ea1-012c-4d60-bab6-8e21817c5b42,TCGA-PRAD,1,G3,G3,0.3239482641220093,0.1144704520702362,0.3239482641220093,0.2707650065422058,0.2908162474632263,2087,
TCGA-HC-7232-01A-01-TS1.c5d0e475-016d-4d2c-a001-70c0b64e995c,TCGA-PRAD,1,G3,G3,0.3931092321872711,0.08967582881450653,0.3931092321872711,0.3011908233165741,0.21602413058280945,2958,
TCGA-HC-7232-01Z-00-DX1.a10b0b32-36bf-406c-bb86-fd9a8c309451,TCGA-PRAD,1,G3,G3,0.44361311197280884,0.016962552443146706,0.44361311197280884,0.3838464915752411,0.15557783842086792,4080,
TCGA-HC-7233-01A-01-BS1.187deced-0b3e-4d7b-9c05-2c0b54abef60,TCGA-PRAD,1,G3,G3,0.3213084638118744,0.10499627888202667,0.3213084638118744,0.2754387855529785,0.2982564866542816,1934,
TCGA-HC-7233-01A-01-TS1.2724c8e0-fbe1-4b0d-9d83-912e21e2a1cb,TCGA-PRAD,1,G3,G3,0.36256420612335205,0.07032077759504318,0.36256420612335205,0.32658153772354126,0.24053356051445007,1139,
TCGA-HC-7233-01Z-00-DX1.f27b1b5d-4a74-4fa9-95b3-451e478d2691,TCGA-PRAD,2,G4,G4,0.5207155346870422,0.015289435163140297,0.21867044270038605,0.5207155346870422,0.24532459676265717,1235,
TCGA-HC-7736-01A-01-BS1.3e8eb327-5c81-4c44-ae4c-fc647862f5d6,TCGA-PRAD,3,G5,G5,0.30774614214897156,0.12872576713562012,0.28911519050598145,0.2744128704071045,0.30774614214897156,3218,
TCGA-HC-7736-01A-01-TS1.e3a6032b-7af0-4512-900d-4c267d1ea1d0,TCGA-PRAD,3,G5,G5,0.3458954393863678,0.11600857973098755,0.25809940695762634,0.27999648451805115,0.3458954393863678,1741,
TCGA-HC-7736-01Z-00-DX1.8a162ae4-c046-43e9-b391-78efec7ab053,TCGA-PRAD,2,G4,G4,0.478951632976532,0.0074602821841835976,0.15162783861160278,0.478951632976532,0.3619602918624878,4223,
TCGA-HC-7737-01A-01-TS1.e85490b5-57ec-4298-9bd3-3afcd749c67b,TCGA-PRAD,1,G3,G3,0.35147199034690857,0.09527131170034409,0.35147199034690857,0.2973862588405609,0.25587040185928345,1398,
TCGA-HC-7737-01Z-00-DX1.44947b83-a5b8-43f7-b0a4-0a63f1d42844,TCGA-PRAD,2,G4,G4,0.424581378698349,0.010794270783662796,0.17647938430309296,0.424581378698349,0.38814499974250793,622,
TCGA-HC-7737-11A-01-TS1.d6ea0e01-08fc-4d85-863f-b9b0c1a4c854,TCGA-PRAD,3,G5,G5,0.2908182442188263,0.17198750376701355,0.277331680059433,0.2598625123500824,0.2908182442188263,1275,
TCGA-HC-7738-01A-01-TS1.669843b4-248d-4a5a-9ea2-a214e88db36b,TCGA-PRAD,3,G5,G5,0.2785203456878662,0.1983892023563385,0.2745162844657898,0.2485741525888443,0.2785203456878662,2929,
TCGA-HC-7738-01Z-00-DX1.CB18FC7E-9960-4639-9D95-B1EA15D1E8E1,TCGA-PRAD,2,G4,G4,0.6174721121788025,0.0038100348319858313,0.14609265327453613,0.6174721121788025,0.23262521624565125,23735,
TCGA-HC-7738-11A-01-TS1.35a82d07-9d01-4e05-8ad8-8da294e17a85,TCGA-PRAD,3,G5,G5,0.2719082236289978,0.2577495276927948,0.23270760476589203,0.23763464391231537,0.2719082236289978,653,
TCGA-HC-7740-01A-01-BS1.944abc8d-c654-4b99-a710-6cfa09bd7756,TCGA-PRAD,1,G3,G3,0.3023398220539093,0.17805907130241394,0.3023398220539093,0.24704912304878235,0.2725520133972168,880,
TCGA-HC-7740-01A-01-TS1.b7fbd774-6a51-48ef-acb3-9eae3d352f4f,TCGA-PRAD,1,G3,G3,0.292047917842865,0.16196641325950623,0.292047917842865,0.26239609718322754,0.28358960151672363,1902,
TCGA-HC-7740-01Z-00-DX1.e0d2817f-fe41-4d04-a164-68f601a4e82e,TCGA-PRAD,1,G3,G3,0.47871100902557373,0.02519400790333748,0.47871100902557373,0.34081199765205383,0.15528303384780884,4402,
TCGA-HC-7740-11A-01-TS1.d5302bc5-3024-418a-ab1a-75ffbeb6b369,TCGA-PRAD,1,G3,G3,0.2889460623264313,0.2223779261112213,0.2889460623264313,0.2406463772058487,0.24802960455417633,1340,
TCGA-HC-7741-01Z-00-DX1.77D97B8B-ECAB-4BB3-97F3-67BFE05E7F54,TCGA-PRAD,3,G5,G5,0.6207520961761475,0.010270383208990097,0.06936616450548172,0.2996113896369934,0.6207520961761475,3443,
TCGA-HC-7742-01A-01-TS1.e8ac5426-ee17-45ba-8072-d0e91ce8da85,TCGA-PRAD,1,G3,G3,0.28326836228370667,0.20039008557796478,0.28326836228370667,0.2501450777053833,0.26619645953178406,1362,
TCGA-HC-7742-01Z-00-DX1.59cf7b97-16a4-4c83-b4e0-6ee292326500,TCGA-PRAD,1,G3,G3,0.48895710706710815,0.017368344590067863,0.48895710706710815,0.3614250719547272,0.13224947452545166,1485,
TCGA-HC-7742-11A-01-TS1.2742adef-1c72-4b2d-be2b-e6984c64c108,TCGA-PRAD,1,G3,G3,0.32767295837402344,0.20732896029949188,0.32767295837402344,0.24451017379760742,0.2204878330230713,1060,
TCGA-HC-7744-01A-01-BS1.26a7e881-0857-46b4-a5b8-494537d7c938,TCGA-PRAD,1,G3,G3,0.3193833529949188,0.15625998377799988,0.3193833529949188,0.26351237297058105,0.260844349861145,692,
TCGA-HC-7744-01A-01-TS1.7db612ea-ca19-4d59-8c7b-945fb25fbee6,TCGA-PRAD,2,G4,G4,0.32605859637260437,0.08931554108858109,0.27816468477249146,0.32605859637260437,0.3064610958099365,1970,
TCGA-HC-7744-01Z-00-DX1.0e34f0c8-9f3d-41e9-a9bb-7b6596b75398,TCGA-PRAD,2,G4,G4,0.4028860926628113,0.013281434774398804,0.28565558791160583,0.4028860926628113,0.29817694425582886,3923,
TCGA-HC-7745-01Z-00-DX1.50e87666-fdf5-4a68-a679-6fb3c770513e,TCGA-PRAD,1,G3,G3,0.6019843220710754,0.023711729794740677,0.6019843220710754,0.2886006236076355,0.08570331335067749,2332,
TCGA-HC-7745-11A-01-TS1.4022ff93-498a-4c19-8b1c-14bc62ec787f,TCGA-PRAD,3,G5,G5,0.28711116313934326,0.193882554769516,0.26245686411857605,0.2565494179725647,0.28711116313934326,1778,
TCGA-HC-7747-01A-01-TS1.d9fa01a4-4afa-45a8-a8e5-14e1f42602bb,TCGA-PRAD,3,G5,G5,0.3110670745372772,0.1797107458114624,0.2707771062850952,0.23844508826732635,0.3110670745372772,459,
TCGA-HC-7747-01Z-00-DX1.1fd2554f-29b9-4a9e-9fe1-93a1bc29f319,TCGA-PRAD,2,G4,G4,0.4946953356266022,0.010271843522787094,0.3565542995929718,0.4946953356266022,0.13847850263118744,3595,
TCGA-HC-7747-11A-01-TS1.df4891f5-f88c-447e-a18f-df7bd4bebaaa,TCGA-PRAD,1,G3,G3,0.35999423265457153,0.13329660892486572,0.35999423265457153,0.2831878066062927,0.22352133691310883,2628,
TCGA-HC-7748-01A-01-BS1.3fe5ec9b-c321-4f6c-b46d-e343e672123f,TCGA-PRAD,1,G3,G3,0.3156176209449768,0.13635288178920746,0.3156176209449768,0.2769782245159149,0.2710512578487396,2936,
TCGA-HC-7748-01A-01-TS1.cb966ea1-a874-4aa5-ab03-10e9e3ce25a1,TCGA-PRAD,1,G3,G3,0.30088305473327637,0.21392998099327087,0.30088305473327637,0.21866804361343384,0.2665189504623413,428,
TCGA-HC-7748-01Z-00-DX1.6a3e2e09-65ba-48e1-b400-dfcf0bd61dc2,TCGA-PRAD,2,G4,G4,0.44110339879989624,0.013065511360764503,0.36909860372543335,0.44110339879989624,0.17673248052597046,4257,
TCGA-HC-7749-01A-01-TS1.8578581a-41a9-402c-813a-0d2bb5e8ca89,TCGA-PRAD,3,G5,G5,0.28836050629615784,0.14746516942977905,0.28623899817466736,0.27793535590171814,0.28836050629615784,394,
TCGA-HC-7749-01Z-00-DX1.2dbf5d61-954d-406e-9cc3-f1590268597f,TCGA-PRAD,2,G4,G4,0.4343620240688324,0.010835831053555012,0.3388691246509552,0.4343620240688324,0.21593302488327026,1401,
TCGA-HC-7750-01A-01-TS1.2dee467e-8ef8-4d59-9b42-7c18e20d813c,TCGA-PRAD,1,G3,G3,0.35703667998313904,0.24363788962364197,0.35703667998313904,0.1981850266456604,0.2011403888463974,408,
TCGA-HC-7750-01Z-00-DX1.a1457c89-5f31-4863-99e4-5675dfb9fef1,TCGA-PRAD,1,G3,G3,0.6220303773880005,0.016451258212327957,0.6220303773880005,0.2767593264579773,0.08475897461175919,2049,
TCGA-HC-7752-01A-01-TS1.775ef713-af04-48c6-b70b-fffd89887e0d,TCGA-PRAD,1,G3,G3,0.32061365246772766,0.19509707391262054,0.32061365246772766,0.2218276560306549,0.26246166229248047,306,
TCGA-HC-7752-01Z-00-DX1.8e7786c2-a393-47d3-8f22-36b283abdb3a,TCGA-PRAD,1,G3,G3,0.47786960005760193,0.017320672050118446,0.47786960005760193,0.39328238368034363,0.11152733862400055,1866,
TCGA-HC-7752-11A-01-TS1.3bfa8c06-44c4-4908-b8b3-3896fcfae5df,TCGA-PRAD,1,G3,G3,0.30697354674339294,0.2557278275489807,0.30697354674339294,0.21356500685214996,0.22373367846012115,740,
TCGA-HC-7817-01Z-00-DX1.25a3a0e7-e971-4dc6-a759-2b18c0844536,TCGA-PRAD,2,G4,G4,0.4330354630947113,0.014553172513842583,0.16717904806137085,0.4330354630947113,0.3852322995662689,1200,
TCGA-HC-7818-01A-01-TS1.b9a58747-7227-4721-9fe1-f68bb881c405,TCGA-PRAD,1,G3,G3,0.3417726755142212,0.2334897220134735,0.3417726755142212,0.20399174094200134,0.22074586153030396,267,
TCGA-HC-7818-01Z-00-DX1.06895343-4b63-40b2-afbb-b31b262a4165,TCGA-PRAD,1,G3,G3,0.5242061018943787,0.017828913405537605,0.5242061018943787,0.36289072036743164,0.09507422149181366,4644,
TCGA-HC-7819-01A-01-TS1,TCGA-PRAD,1,G3,G3,0.31610193848609924,0.22252291440963745,0.31610193848609924,0.21212787926197052,0.24924731254577637,386,
TCGA-HC-7819-01Z-00-DX1.9208cfe7-825f-4535-959c-ca470b61b562,TCGA-PRAD,1,G3,G3,0.47974511981010437,0.011347847059369087,0.47974511981010437,0.4079582095146179,0.10094884783029556,1872,
TCGA-HC-7819-11A-01-TS1.c5ecf1d2-5024-49e5-b80a-8c1eb19afc2e,TCGA-PRAD,1,G3,G3,0.30155348777770996,0.24616223573684692,0.30155348777770996,0.21920080482959747,0.23308341205120087,1696,
TCGA-HC-7820-01A-01-TS1.f9131ac5-c635-42a7-a383-634d90d212d4,TCGA-PRAD,1,G3,G3,0.31499963998794556,0.205534428358078,0.31499963998794556,0.21481923758983612,0.26464664936065674,315,
TCGA-HC-7820-01Z-00-DX1.B2F770A7-BF49-4B7C-97AD-7078511DC8F9,TCGA-PRAD,2,G4,G4,0.6208606362342834,0.003488962072879076,0.16075213253498077,0.6208606362342834,0.21489819884300232,23049,
TCGA-HC-7820-11A-01-TS1.3d1a2834-0a90-44ed-bad7-c9dee1447d22,TCGA-PRAD,1,G3,G3,0.38498830795288086,0.1459522396326065,0.38498830795288086,0.2603835165500641,0.20867598056793213,947,
TCGA-HC-7821-01A-01-TS1.8ff90626-d466-4d5d-9842-822b1c4b3fbb,TCGA-PRAD,3,G5,G5,0.34719398617744446,0.19989113509655,0.24267812073230743,0.21023675799369812,0.34719398617744446,615,
TCGA-HC-7821-01Z-00-DX1.85c082ca-1159-4cd1-b003-fed32f2ddf9e,TCGA-PRAD,3,G5,G5,0.4676624834537506,0.013037413358688354,0.183157816529274,0.33614230155944824,0.4676624834537506,4198,
TCGA-HC-8212-01Z-00-DX1.d63209dd-5d1b-4362-aa86-f676123bc22a,TCGA-PRAD,3,G5,G5,0.4335748255252838,0.010907566174864769,0.15055963397026062,0.404958039522171,0.4335748255252838,2030,
TCGA-HC-8213-01A-01-TS1.6834f7d3-ab21-40e3-b164-8d20fa599c7a,TCGA-PRAD,1,G3,G3,0.34251776337623596,0.23113751411437988,0.34251776337623596,0.2049708217382431,0.22137387096881866,351,
TCGA-HC-8213-01Z-00-DX1.30F3004A-B2F4-42E6-A887-8C219617778E,TCGA-PRAD,2,G4,G4,0.589043140411377,0.013112260960042477,0.13186891376972198,0.589043140411377,0.2659757137298584,3389,
TCGA-HC-8216-01A-01-TS1.e0a14301-35cf-49ad-9fe3-e2f4e7b8ddee,TCGA-PRAD,1,G3,G3,0.2899862229824066,0.23992767930030823,0.2899862229824066,0.21584919095039368,0.2542369067668915,239,
TCGA-HC-8216-01Z-00-DX1.3629EA7F-6A2F-45FE-9B51-C27847BA43F8,TCGA-PRAD,3,G5,G5,0.5784721970558167,0.006889018230140209,0.08123598992824554,0.3334028422832489,0.5784721970558167,1278,
TCGA-HC-8256-01A-01-TS1.c3fe2400-c138-4818-ac1f-8749944efa36,TCGA-PRAD,1,G3,G3,0.32719185948371887,0.15590409934520721,0.32719185948371887,0.2603268623352051,0.25657716393470764,359,
TCGA-HC-8256-01Z-00-DX1.24CBDB5B-F10C-4C5D-9AC3-6AB19A374C43,TCGA-PRAD,2,G4,G4,0.5347346663475037,0.0068392036482691765,0.1992022842168808,0.5347346663475037,0.2592237889766693,7187,
TCGA-HC-8256-11A-01-TS1.ca978d2e-7592-45ae-ace3-209cab526253,TCGA-PRAD,1,G3,G3,0.3498190641403198,0.15806178748607635,0.3498190641403198,0.25847089290618896,0.23364821076393127,2370,
TCGA-HC-8257-01A-01-TS1.2d5cd985-b988-4a39-9a41-b1dc0ecf9691,TCGA-PRAD,3,G5,G5,0.34943199157714844,0.1514870822429657,0.2448490709066391,0.25423187017440796,0.34943199157714844,458,
TCGA-HC-8257-01Z-00-DX1.f11b1c83-b2d6-4e96-af6f-672bcf6719f4,TCGA-PRAD,2,G4,G4,0.49602022767066956,0.009808171540498734,0.16764071583747864,0.49602022767066956,0.3265308141708374,1024,
TCGA-HC-8258-01A-01-TS1.93241977-4bf3-4007-b65b-f333aac65078,TCGA-PRAD,3,G5,G5,0.29664483666419983,0.1877007633447647,0.28981244564056396,0.2258419245481491,0.29664483666419983,329,
TCGA-HC-8258-01Z-00-DX1.ac8865dd-1687-4afa-b536-c81d861c0837,TCGA-PRAD,2,G4,G4,0.6083665490150452,0.009288255125284195,0.22072994709014893,0.6083665490150452,0.1616152822971344,2891,
TCGA-HC-8258-11A-01-TS1.97531eb7-8578-428d-9348-e00b2e2b9a43,TCGA-PRAD,1,G3,G3,0.29272782802581787,0.2090139538049698,0.29272782802581787,0.2305333912372589,0.26772478222846985,1342,
TCGA-HC-8259-01A-01-TS1.edd27089-7d43-4164-be90-ebfb6a12ef85,TCGA-PRAD,1,G3,G3,0.3767443001270294,0.21821248531341553,0.3767443001270294,0.20790396630764008,0.19713926315307617,423,
TCGA-HC-8259-01Z-00-DX1.7f204bee-4100-4927-a36f-6acb2667d29f,TCGA-PRAD,2,G4,G4,0.5359688997268677,0.011296947486698627,0.3237535059452057,0.5359688997268677,0.1289806216955185,1475,
TCGA-HC-8259-11A-01-TS1.d1fff645-517b-40e5-836b-170bf9ed098a,TCGA-PRAD,1,G3,G3,0.3321499526500702,0.17215394973754883,0.3321499526500702,0.2517860531806946,0.24390995502471924,3373,
TCGA-HC-8260-01A-01-TS1.72475dc4-1014-4de0-b2d1-bf955569d644,TCGA-PRAD,1,G3,G3,0.34395167231559753,0.18740153312683105,0.34395167231559753,0.22727234661579132,0.2413744330406189,362,
TCGA-HC-8260-01Z-00-DX1.b12ffab8-be66-4fb2-98f9-2d78e7b4a09e,TCGA-PRAD,2,G4,G4,0.5762133002281189,0.012452713213860989,0.21294093132019043,0.5762133002281189,0.1983930766582489,1113,
TCGA-HC-8260-11A-01-TS1.68a9e730-5c5a-4140-8cc0-9bd3f238438b,TCGA-PRAD,1,G3,G3,0.49819451570510864,0.10471006482839584,0.49819451570510864,0.2626532018184662,0.1344422847032547,899,
TCGA-HC-8261-01A-01-TS1.60ca4387-a1ad-4e16-be7f-57db54d7b1bb,TCGA-PRAD,1,G3,G3,0.357951283454895,0.1888926476240158,0.357951283454895,0.22494518756866455,0.22821085155010223,490,
TCGA-HC-8261-01Z-00-DX1.231568ea-f873-4f62-85d2-f93ab91a8c0f,TCGA-PRAD,2,G4,G4,0.656951367855072,0.006305481772869825,0.216814786195755,0.656951367855072,0.11992830038070679,4649,
TCGA-HC-8261-11A-01-TS1.1cb778b1-58b6-4ebe-b7cd-07dc31fb89ba,TCGA-PRAD,1,G3,G3,0.2677352726459503,0.23864006996154785,0.2677352726459503,0.22626349329948425,0.2673611044883728,1404,
TCGA-HC-8262-01A-01-TS1.e60f0a1d-9564-4a70-9176-bf72fa7ad8a1,TCGA-PRAD,1,G3,G3,0.2935791611671448,0.21694105863571167,0.2935791611671448,0.21942707896232605,0.27005264163017273,449,
TCGA-HC-8262-01Z-00-DX1.bbe104bc-1d6f-4c3d-80dc-99aef05dc9c4,TCGA-PRAD,3,G5,G5,0.38068774342536926,0.03430263325572014,0.21435858309268951,0.3706510663032532,0.38068774342536926,1374,
TCGA-HC-8262-11A-01-TS1.c222a440-3233-4a8c-8976-f3875549bd04,TCGA-PRAD,1,G3,G3,0.3860962390899658,0.20058563351631165,0.3860962390899658,0.2232096791267395,0.19010837376117706,797,
TCGA-HC-8264-01Z-00-DX1.0992961B-454E-40C4-9571-5B2D9FE8B3DF,TCGA-PRAD,1,G3,G3,0.5107030868530273,0.024248141795396805,0.5107030868530273,0.3164878487586975,0.14856088161468506,2023,
TCGA-HC-8265-01A-01-TS1.cf22aa64-ad98-45f8-be30-8140c38f954d,TCGA-PRAD,3,G5,G5,0.48905232548713684,0.008388673886656761,0.08328043669462204,0.4192785322666168,0.48905232548713684,1177,
TCGA-HC-8265-01Z-00-DX1.f0d35c7c-697c-4589-8783-ba258ed0155d,TCGA-PRAD,2,G4,G4,0.4775870740413666,0.007202496752142906,0.10963330417871475,0.4775870740413666,0.4055771231651306,1104,
TCGA-HC-8265-11A-01-TS1.f58acca6-2745-4614-a143-c8f65e27ec31,TCGA-PRAD,1,G3,G3,0.3716646134853363,0.16565443575382233,0.3716646134853363,0.24495024979114532,0.21773067116737366,1100,
TCGA-HC-8266-01A-01-TS1.7c7883e0-8402-4d26-bf31-9114ed56a744,TCGA-PRAD,3,G5,G5,0.36225998401641846,0.16893711686134338,0.2449772208929062,0.22382572293281555,0.36225998401641846,493,
TCGA-HC-8266-01Z-00-DX1.e266de83-ea1d-41bb-a466-74aab0748eeb,TCGA-PRAD,3,G5,G5,0.46391260623931885,0.01535119954496622,0.14658218622207642,0.3741539716720581,0.46391260623931885,653,
TCGA-HC-A48F-01A-01-TS1.4BD2B690-100D-40DA-A236-B15702E31B81,TCGA-PRAD,3,G5,G5,0.32606709003448486,0.17630915343761444,0.25438088178634644,0.24324287474155426,0.32606709003448486,2967,
TCGA-HC-A48F-01Z-00-DX1.F19F2A8B-7493-420D-8B40-D2C78F6E6184,TCGA-PRAD,3,G5,G5,0.4219580888748169,0.02968612127006054,0.15520910918712616,0.39314669370651245,0.4219580888748169,2128,
TCGA-HC-A4ZV-01A-01-TS1.3CEB3648-1E50-4E4A-9ED1-D7146DE60DBC,TCGA-PRAD,3,G5,G5,0.3395315706729889,0.20640738308429718,0.23961015045642853,0.21445098519325256,0.3395315706729889,6049,
TCGA-HC-A4ZV-01Z-00-DX1.74103CE2-AD31-4DAE-A812-47568B9BD19E,TCGA-PRAD,3,G5,G5,0.5216687917709351,0.024247119203209877,0.13026387989521027,0.3238202631473541,0.5216687917709351,1011,
TCGA-HC-A631-01A-01-TSA.9DCC5D25-C8D4-48C3-984C-B89EA7C89FFA,TCGA-PRAD,3,G5,G5,0.30398818850517273,0.20247261226177216,0.26968076825141907,0.22385846078395844,0.30398818850517273,1176,
TCGA-HC-A631-01Z-00-DX1.9771F112-D955-4F5A-819A-3AE84DF712C2,TCGA-PRAD,3,G5,G5,0.4025455415248871,0.016489921137690544,0.21727919578552246,0.36368536949157715,0.4025455415248871,11553,
TCGA-HC-A632-01A-01-TS1.D477419C-699C-4101-9726-13DCA9228ABB,TCGA-PRAD,3,G5,G5,0.37919482588768005,0.1560068279504776,0.2310323566198349,0.23376595973968506,0.37919482588768005,2127,
TCGA-HC-A632-01Z-00-DX1.4F297280-B867-4109-822F-CD0DD4A699EE,TCGA-PRAD,2,G4,G4,0.3971993923187256,0.015042999759316444,0.20829540491104126,0.3971993923187256,0.37946224212646484,1843,
TCGA-HC-A6AL-01A-01-TS1.48581591-1248-4C82-B69B-03B52ACDECBC,TCGA-PRAD,2,G4,G4,0.31556540727615356,0.11704213172197342,0.31471675634384155,0.31556540727615356,0.25267574191093445,1529,
TCGA-HC-A6AL-01Z-00-DX1.5FFF97EC-B884-4EEE-A0BE-0EDCD389B5C1,TCGA-PRAD,2,G4,G4,0.48510098457336426,0.008538460358977318,0.30727893114089966,0.48510098457336426,0.19908158481121063,2589,
TCGA-HC-A6AN-01A-01-TS1.8EB6B8B9-5DDA-46C4-9B35-B2AEE950E9BF,TCGA-PRAD,1,G3,G3,0.30976414680480957,0.13415774703025818,0.30976414680480957,0.3042694330215454,0.25180870294570923,900,
TCGA-HC-A6AN-01Z-00-DX1.542ADC3A-F070-4D11-AD07-2D2B429A5F1A,TCGA-PRAD,2,G4,G4,0.39550185203552246,0.012547020800411701,0.24560676515102386,0.39550185203552246,0.3463442921638489,10290,
TCGA-HC-A6AO-01A-01-TS1.797D0084-2CC6-4D20-A484-820BEA79108A,TCGA-PRAD,2,G4,G4,0.346625417470932,0.08625751733779907,0.29080435633659363,0.346625417470932,0.27631276845932007,2880,
TCGA-HC-A6AO-01Z-00-DX1.826FFDEE-62D9-4946-906B-97166208019E,TCGA-PRAD,1,G3,G3,0.4146348237991333,0.02914312668144703,0.4146348237991333,0.3737718164920807,0.18245024979114532,1449,
TCGA-HC-A6AP-01A-01-TS1.A2C8110D-5081-4812-B64E-31AB581EE6CF,TCGA-PRAD,1,G3,G3,0.3144509494304657,0.16194090247154236,0.3144509494304657,0.2797110974788666,0.24389700591564178,2369,
TCGA-HC-A6AP-01Z-00-DX1.1E2C19B4-6757-488D-AFB4-71AE5FD6EC11,TCGA-PRAD,2,G4,G4,0.427173376083374,0.014453031122684479,0.36022186279296875,0.427173376083374,0.19815173745155334,4915,
TCGA-HC-A6AQ-01A-01-TS1.CDFDB554-F9D7-4CB1-A4FF-48C18418AB65,TCGA-PRAD,1,G3,G3,0.3860273063182831,0.14904150366783142,0.3860273063182831,0.2651368975639343,0.19979432225227356,3212,
TCGA-HC-A6AQ-01Z-00-DX1.23957370-CCE3-49C2-AE21-4591DCE47E86,TCGA-PRAD,1,G3,G3,0.5547705888748169,0.011431201361119747,0.5547705888748169,0.34066125750541687,0.09313692152500153,1314,
TCGA-HC-A6AS-01A-01-TS1.A86A75AD-C6F2-4497-A955-393A302BE5DD,TCGA-PRAD,1,G3,G3,0.34249261021614075,0.13884910941123962,0.34249261021614075,0.28951114416122437,0.22914713621139526,3170,
TCGA-HC-A6AS-01Z-00-DX1.1E5AB965-7B24-4C19-BFEA-91FF7D08DD1D,TCGA-PRAD,1,G3,G3,0.4200032353401184,0.031680669635534286,0.4200032353401184,0.38079747557640076,0.16751864552497864,1167,
TCGA-HC-A6HX-01A-01-TS1.03FDA933-E45E-41E3-9EE9-75CDB5D55AC9,TCGA-PRAD,0,Normal,Normal,0.2765876352787018,0.2765876352787018,0.269548624753952,0.18978923559188843,0.26407450437545776,2187,
TCGA-HC-A6HX-01Z-00-DX1.7122F7F6-971E-4608-A0EE-0190D5F74216,TCGA-PRAD,2,G4,G4,0.3987206220626831,0.021671222522854805,0.2746073305606842,0.3987206220626831,0.3050008714199066,753,
TCGA-HC-A6HY-01A-01-TS1.0B1BE707-414A-499F-A12B-476833696F68,TCGA-PRAD,1,G3,G3,0.32208478450775146,0.17587824165821075,0.32208478450775146,0.2426939159631729,0.2593429982662201,2331,
TCGA-HC-A6HY-01Z-00-DX1.9753A5EC-6068-4502-ACBB-4C6F1EA77AF9,TCGA-PRAD,1,G3,G3,0.5500389933586121,0.018123339861631393,0.5500389933586121,0.3280297517776489,0.1038079783320427,354,
TCGA-HC-A76W-01A-01-TS1.48877E52-6691-4B1C-A89D-53BA084BDC3A,TCGA-PRAD,3,G5,G5,0.3367856442928314,0.16908738017082214,0.24374905228614807,0.2503778636455536,0.3367856442928314,2084,
TCGA-HC-A76W-01Z-00-DX1.A39A1BAD-9D0E-4818-8EFC-1ED5C4891E29,TCGA-PRAD,2,G4,G4,0.4542737901210785,0.01401195302605629,0.4278634190559387,0.4542737901210785,0.10385076701641083,1918,
TCGA-HC-A76X-01A-01-TS1.A089590F-9C81-41D0-928A-9F834E81D5A3,TCGA-PRAD,3,G5,G5,0.3062683343887329,0.14085917174816132,0.2958347201347351,0.2570376992225647,0.3062683343887329,1187,
TCGA-HC-A76X-01Z-00-DX1.DBB52520-F96D-45AD-9228-BA81B7553824,TCGA-PRAD,1,G3,G3,0.435886949300766,0.01563270390033722,0.435886949300766,0.41302400827407837,0.13545629382133484,1751,
TCGA-HC-A8CY-01A-01-TS1.A506761B-C3C4-459C-882F-98ED426486F9,TCGA-PRAD,3,G5,G5,0.3046436309814453,0.15720011293888092,0.28684449195861816,0.2513117492198944,0.3046436309814453,425,
TCGA-HC-A8CY-01Z-00-DX1.64E9E7AD-78C0-470E-9882-5E40E97E66CA,TCGA-PRAD,2,G4,G4,0.36066991090774536,0.019963372498750687,0.27487340569496155,0.36066991090774536,0.3444932997226715,3420,
TCGA-HC-A8D0-01A-01-TS1.F7E57B97-F776-47D5-B184-3CC7623A6F95,TCGA-PRAD,1,G3,G3,0.3118497133255005,0.21632470190525055,0.3118497133255005,0.21443325281143188,0.2573923170566559,1646,
TCGA-HC-A8D0-01Z-00-DX1.C43B30C6-AC63-4A85-B259-1103621AFBEE,TCGA-PRAD,2,G4,G4,0.45190152525901794,0.013615558855235577,0.3504531979560852,0.45190152525901794,0.18402977287769318,4311,
TCGA-HC-A8D1-01A-01-TS1.D4093022-80F4-4EFE-BEB2-44507D97F841,TCGA-PRAD,1,G3,G3,0.3170710802078247,0.20167498290538788,0.3170710802078247,0.23697546124458313,0.24427847564220428,1819,
TCGA-HC-A8D1-01Z-00-DX1.8217FC07-A7A1-4C84-B5CF-9468AD18F912,TCGA-PRAD,1,G3,G3,0.39046740531921387,0.013305682688951492,0.39046740531921387,0.3611792325973511,0.23504763841629028,949,
TCGA-HC-A9TE-01A-01-TS1.E507910D-4EAA-4F64-8D2F-B7E5C6BC2F39,TCGA-PRAD,3,G5,G5,0.2938624322414398,0.2594006657600403,0.24415288865566254,0.20258404314517975,0.2938624322414398,1725,
TCGA-HC-A9TE-01Z-00-DX1.E8C2DC19-216F-49C0-A52B-BBB70678D0B8,TCGA-PRAD,2,G4,G4,0.3471263349056244,0.0356178916990757,0.31159377098083496,0.3471263349056244,0.3056619465351105,1061,
TCGA-HC-A9TH-01A-01-TS1.CAC5B6C9-1004-4198-BC84-4CAA1336DAF3,TCGA-PRAD,1,G3,G3,0.3142773509025574,0.13683545589447021,0.3142773509025574,0.28458172082901,0.2643054723739624,1298,
TCGA-HC-A9TH-01Z-00-DX1.13526861-B926-4CF5-9E99-D4A8FFFBBE7C,TCGA-PRAD,2,G4,G4,0.42341166734695435,0.02431538887321949,0.27003994584083557,0.42341166734695435,0.28223299980163574,2261,
TCGA-HI-7168-01A-01-BS1.d8451250-8f7c-4e91-8a91-2118949d5dad,TCGA-PRAD,3,G5,G5,0.30265113711357117,0.18673941493034363,0.27325329184532166,0.23735614120960236,0.30265113711357117,3823,
TCGA-HI-7168-01A-01-TS1.d02c5c3f-2736-4dc6-b115-3235aef254e2,TCGA-PRAD,1,G3,G3,0.2953670024871826,0.18113531172275543,0.2953670024871826,0.2546691298484802,0.2688286006450653,3818,
TCGA-HI-7168-01Z-00-DX1.e4aabefc-b633-4f54-ae92-a839f2d80158,TCGA-PRAD,2,G4,G4,0.36866915225982666,0.04076886922121048,0.33550405502319336,0.36866915225982666,0.2550579011440277,4040,
TCGA-HI-7169-01A-01-BS1.ee6cda00-1f25-4457-97b7-50acd0e3cac0,TCGA-PRAD,1,G3,G3,0.32114270329475403,0.2121886909008026,0.32114270329475403,0.21867777407169342,0.24799084663391113,2827,
TCGA-HI-7169-01A-01-TS1.0183f289-7a60-4c96-9269-8b782df6d16c,TCGA-PRAD,1,G3,G3,0.3167099058628082,0.2400132119655609,0.3167099058628082,0.20452478528022766,0.23875205218791962,3430,
TCGA-HI-7169-01Z-00-DX1.ac873262-34a1-4a47-8178-6a2a279c02e5,TCGA-PRAD,1,G3,G3,0.5014824271202087,0.054944273084402084,0.5014824271202087,0.2965894937515259,0.1469837874174118,3017,
TCGA-HI-7170-01A-01-BS1.b9d23850-1f96-4ee3-95c4-6e8a9cf97405,TCGA-PRAD,1,G3,G3,0.33134785294532776,0.19448624551296234,0.33134785294532776,0.24196955561637878,0.2321963757276535,4243,
TCGA-HI-7170-01A-01-TS1.ef91934f-a968-4fff-b752-0dc00953c89a,TCGA-PRAD,1,G3,G3,0.35053521394729614,0.14273327589035034,0.35053521394729614,0.2724370062351227,0.23429453372955322,2161,
TCGA-HI-7170-01Z-00-DX1.a823f5e3-3285-4fa5-846e-aaa0d0ac0698,TCGA-PRAD,2,G4,G4,0.49516746401786804,0.018226653337478638,0.25573042035102844,0.49516746401786804,0.23087544739246368,3008,
TCGA-HI-7171-01A-01-BS1.0b8bec17-e1e2-496f-a38e-0fd38c414093,TCGA-PRAD,3,G5,G5,0.2888326048851013,0.19259437918663025,0.2790928781032562,0.2394801527261734,0.2888326048851013,3062,
TCGA-HI-7171-01A-01-TS1.b77fc038-c988-4ccf-8135-65674762d784,TCGA-PRAD,3,G5,G5,0.2838340401649475,0.1910467892885208,0.28262078762054443,0.24249842762947083,0.2838340401649475,4838,
TCGA-HI-7171-01Z-00-DX1.cf7787d4-b3bd-4a3d-b036-f3ed9adc3606,TCGA-PRAD,3,G5,G5,0.5546555519104004,0.025952892377972603,0.13325507938861847,0.2861365079879761,0.5546555519104004,4519,
TCGA-J4-8198-01A-01-BS1.df6d00f2-de4e-4211-aa29-aff03c562d28,TCGA-PRAD,1,G3,G3,0.3327708840370178,0.15794481337070465,0.3327708840370178,0.23123827576637268,0.27804601192474365,2583,
TCGA-J4-8198-01A-01-TS1.8f441742-7bb4-4cf7-995b-77ddadff681e,TCGA-PRAD,3,G5,G5,0.31229540705680847,0.10486511141061783,0.28169193863868713,0.30114758014678955,0.31229540705680847,1206,
TCGA-J4-8198-01Z-00-DX1.0ABA1AEA-1DDA-4E5B-8F34-F63CCA2CA543,TCGA-PRAD,2,G4,G4,0.4633544981479645,0.004580947104841471,0.08461923152208328,0.4633544981479645,0.4474453330039978,19130,
TCGA-J4-8200-01A-01-TS1.634d999e-d056-47f0-985e-b4af86a700dd,TCGA-PRAD,3,G5,G5,0.33378341794013977,0.12327628582715988,0.2565236985683441,0.2864166498184204,0.33378341794013977,1094,
TCGA-J4-8200-01Z-00-DX1.98361F8B-4808-44ED-900A-0871819785FF,TCGA-PRAD,2,G4,G4,0.5920963883399963,0.004530792124569416,0.08742167800664902,0.5920963883399963,0.3159511685371399,20160,
TCGA-J4-A67K-01A-02-TSB.FBC3BB63-874F-40F4-B96F-4A16C3B0EF03,TCGA-PRAD,3,G5,G5,0.3172460198402405,0.18810054659843445,0.27348530292510986,0.22116810083389282,0.3172460198402405,3135,
TCGA-J4-A67K-01Z-00-DX1.96803F13-A6D1-4607-A7B9-772BC9A3A831,TCGA-PRAD,3,G5,G5,0.4643327593803406,0.0048163048923015594,0.10069046169519424,0.43016040325164795,0.4643327593803406,25886,
TCGA-J4-A67L-01A-01-TS1.D3142872-F7D8-463E-BE3C-1B9D2ACE0BDE,TCGA-PRAD,1,G3,G3,0.30329442024230957,0.2297624796628952,0.30329442024230957,0.22178031504154205,0.24516278505325317,1825,
TCGA-J4-A67L-01Z-00-DX1.4B2B89CD-B390-488F-AE3F-9E81E6D860AD,TCGA-PRAD,2,G4,G4,0.6368067860603333,0.003156820544973016,0.07591866701841354,0.6368067860603333,0.2841176986694336,46351,
TCGA-J4-A67M-01A-01-TS1.0C583107-5D6D-48F1-8EC5-8108C90D5263,TCGA-PRAD,3,G5,G5,0.34305819869041443,0.13492846488952637,0.2726881504058838,0.2493252009153366,0.34305819869041443,8630,
TCGA-J4-A67M-01Z-00-DX1.6C01EE22-ECE8-4FF3-8031-ADF0B6E1F5F1,TCGA-PRAD,2,G4,G4,0.5347658395767212,0.004100712016224861,0.0892716720700264,0.5347658395767212,0.3718617558479309,17389,
TCGA-J4-A67N-01A-01-TS1.697C38C8-0FE4-4D58-BD35-2B3510BB63D2,TCGA-PRAD,1,G3,G3,0.3014052212238312,0.13416290283203125,0.3014052212238312,0.28323066234588623,0.28120115399360657,2942,
TCGA-J4-A67N-01Z-00-DX1.3253614F-8B3D-4337-96C5-BF842DCAA35C,TCGA-PRAD,2,G4,G4,0.47939345240592957,0.0050958748906850815,0.08677016943693161,0.47939345240592957,0.4287404716014862,23067,
TCGA-J4-A67O-01A-01-TSA.450BB473-BF3A-450D-A0F4-EAE3AA1572D8,TCGA-PRAD,1,G3,G3,0.3073996305465698,0.16226878762245178,0.3073996305465698,0.2639557719230652,0.26637572050094604,1793,
TCGA-J4-A67O-01Z-00-DX1.C1E6799B-4351-485E-A7DC-236C01D1B241,TCGA-PRAD,2,G4,G4,0.5038042068481445,0.004045415204018354,0.09711511433124542,0.5038042068481445,0.3950352966785431,27293,
TCGA-J4-A67Q-01A-02-TSB.23ECC92B-A33C-4F05-A111-B3F0D88FD993,TCGA-PRAD,0,Normal,Normal,0.3109443485736847,0.3109443485736847,0.24876365065574646,0.18589916825294495,0.2543928325176239,4382,
TCGA-J4-A67Q-01Z-00-DX1.B5CD0AFF-2F1F-49CC-AB0E-A2972638D6DD,TCGA-PRAD,2,G4,G4,0.6138700842857361,0.004104599356651306,0.10729247331619263,0.6138700842857361,0.2747328281402588,22640,
TCGA-J4-A67R-01A-02-TS2.38788751-54B0-419F-B19A-435AC3EAA817,TCGA-PRAD,1,G3,G3,0.3117089569568634,0.25033026933670044,0.3117089569568634,0.21181966364383698,0.226141095161438,2614,
TCGA-J4-A67R-01Z-00-DX1.833DA729-D98E-44F8-A437-1B5BF52071BD,TCGA-PRAD,3,G5,G5,0.473495751619339,0.0032336844597011805,0.07349461317062378,0.44977593421936035,0.473495751619339,36394,
TCGA-J4-A67S-01A-01-TS1.B4373DEE-DA04-4807-A2D1-C2F6F21E0DA3,TCGA-PRAD,1,G3,G3,0.2988669276237488,0.2466094195842743,0.2988669276237488,0.20084305107593536,0.253680557012558,4478,
TCGA-J4-A67S-01Z-00-DX1.69EA4B02-5CCA-4387-ABCD-73D5271FF2B8,TCGA-PRAD,2,G4,G4,0.5031557679176331,0.0026980340480804443,0.05353796109557152,0.5031557679176331,0.44060829281806946,27509,
TCGA-J4-A67T-01A-01-TS1.0C480989-653B-4E09-9408-EE93E4229E64,TCGA-PRAD,1,G3,G3,0.33635544776916504,0.2030419558286667,0.33635544776916504,0.22420033812522888,0.23640227317810059,2468,
TCGA-J4-A67T-01Z-00-DX1.CF24F5B1-8583-4DEB-BDE8-45786116488E,TCGA-PRAD,2,G4,G4,0.5435267686843872,0.006262052338570356,0.1378566026687622,0.5435267686843872,0.3123546242713928,15272,
TCGA-J4-A6G1-01A-01-TS1.CF26A010-9883-4ECC-B8E2-AA6E78505FD6,TCGA-PRAD,3,G5,G5,0.29497474431991577,0.20922237634658813,0.28355729579925537,0.21224559843540192,0.29497474431991577,3994,
TCGA-J4-A6G1-01Z-00-DX1.CB849D80-60EA-407B-87AB-B3161ABC0A6F,TCGA-PRAD,3,G5,G5,0.6376892328262329,0.002555374288931489,0.04958214983344078,0.31017327308654785,0.6376892328262329,19382,
TCGA-J4-A6G3-01A-01-TS1.6EA2F895-7D0D-4BB8-888F-A5576AF09352,TCGA-PRAD,1,G3,G3,0.29661470651626587,0.18724244832992554,0.29661470651626587,0.2225046455860138,0.29363813996315,3439,
TCGA-J4-A6G3-01Z-00-DX1.BDCBE64A-B59F-4735-B9B4-84BAF9CB1D23,TCGA-PRAD,3,G5,G5,0.6718151569366455,0.007440319750458002,0.05457271635532379,0.26617175340652466,0.6718151569366455,25500,
TCGA-J4-A6M7-01A-01-TSA.6B15BB3F-B149-4F6B-8E50-B4969A688E69,TCGA-PRAD,1,G3,G3,0.31430521607398987,0.2069055289030075,0.31430521607398987,0.22012433409690857,0.25866493582725525,3884,
TCGA-J4-A6M7-01Z-00-DX1.0B8011EA-86D2-4439-B8AA-C6EC3D5985A0,TCGA-PRAD,2,G4,G4,0.6178387403488159,0.003710799152031541,0.06372837722301483,0.6178387403488159,0.31472206115722656,11395,
TCGA-J4-A83I-01A-01-TS1.B288399F-2844-4478-9CD2-12304DAC1C46,TCGA-PRAD,3,G5,G5,0.3352765738964081,0.17748744785785675,0.26037919521331787,0.2268567830324173,0.3352765738964081,3697,
TCGA-J4-A83I-01Z-00-DX1.B13C3BFE-917C-4CF0-B9B7-E1306744AB81,TCGA-PRAD,3,G5,G5,0.5814791321754456,0.003258549841120839,0.04187421873211861,0.3733881115913391,0.5814791321754456,21049,
TCGA-J4-A83J-01A-01-TSA.B6AEFD7C-6624-4090-8100-25221D03FB06,TCGA-PRAD,1,G3,G3,0.2975895404815674,0.16895827651023865,0.2975895404815674,0.254014253616333,0.27943795919418335,908,
TCGA-J4-A83J-01Z-00-DX1.3EDC68D9-8B20-469A-BB2A-FFF62B1DFFE1,TCGA-PRAD,3,G5,G5,0.5196623802185059,0.009162675589323044,0.08248572051525116,0.388689249753952,0.5196623802185059,21725,
TCGA-J4-A83J-11A-01-TSA.3D11C689-DA78-4FB1-8D3B-C2BD23101F61,TCGA-PRAD,1,G3,G3,0.3091925382614136,0.2049351930618286,0.3091925382614136,0.22547326982021332,0.2603990137577057,261,
TCGA-J4-A83K-01A-01-TS1.E74642E1-0BF3-469A-84FA-1EE2D1B98F91,TCGA-PRAD,1,G3,G3,0.3296768069267273,0.1881019026041031,0.3296768069267273,0.22696058452129364,0.2552606463432312,1917,
TCGA-J4-A83K-01Z-00-DX1.7A8B686F-E4E3-48DF-8761-9B3923D38463,TCGA-PRAD,2,G4,G4,0.5394654273986816,0.005766440648585558,0.09520947188138962,0.5394654273986816,0.3595586121082306,10636,
TCGA-J4-A83L-01A-01-TS1.FB255D56-B074-4909-9233-D919657AF526,TCGA-PRAD,1,G3,G3,0.29361724853515625,0.18163034319877625,0.29361724853515625,0.23707835376262665,0.2876740097999573,3322,
TCGA-J4-A83L-01Z-00-DX1.A9CB32A5-187C-4DC4-BAF5-84F57309DEE1,TCGA-PRAD,2,G4,G4,0.4850720465183258,0.0035961049143224955,0.05700318515300751,0.4850720465183258,0.45432865619659424,16778,
TCGA-J4-A83M-01A-01-TS1.41C5DDA2-F7E6-4E91-926C-782CE9436D11,TCGA-PRAD,1,G3,G3,0.3166756331920624,0.14027823507785797,0.3166756331920624,0.24442121386528015,0.29862484335899353,1375,
TCGA-J4-A83M-01Z-00-DX1.EB350313-C46E-4B5E-9974-A4C2241E0DE0,TCGA-PRAD,2,G4,G4,0.5544615983963013,0.003136429702863097,0.055969417095184326,0.5544615983963013,0.38643255829811096,11317,
TCGA-J4-A83N-01A-01-TS1.AC32F172-C377-4B24-91E4-43ED8CCB59E6,TCGA-PRAD,1,G3,G3,0.3235521614551544,0.17565812170505524,0.3235521614551544,0.2342044711112976,0.26658526062965393,2687,
TCGA-J4-A83N-01Z-00-DX1.65D44347-8852-4394-A3B1-63C66D63C142,TCGA-PRAD,2,G4,G4,0.4854678213596344,0.004112327471375465,0.06570407003164291,0.4854678213596344,0.4447157382965088,23263,
TCGA-J4-AATV-01A-01-TS1.54EA596D-0B8B-45A5-B12B-B275522C80AB,TCGA-PRAD,1,G3,G3,0.29590606689453125,0.24735762178897858,0.29590606689453125,0.2118328958749771,0.24490340054035187,4709,
TCGA-J4-AATV-01Z-00-DX1.E8DBF2C1-A1C5-4C7A-B91C-174B40EF129F,TCGA-PRAD,3,G5,G5,0.5016340017318726,0.003479304490610957,0.05732404813170433,0.43756258487701416,0.5016340017318726,18137,
TCGA-J4-AATZ-01A-01-TS1.77F9F143-B287-404F-A051-23EAF33594D3,TCGA-PRAD,3,G5,G5,0.287738561630249,0.18786834180355072,0.2800942063331604,0.24429892003536224,0.287738561630249,3219,
TCGA-J4-AATZ-01Z-00-DX1.E9BDB060-C38C-4315-B1CE-FB23FA2DEE8D,TCGA-PRAD,3,G5,G5,0.5093191266059875,0.002468988997861743,0.05138971284031868,0.43682223558425903,0.5093191266059875,13471,
TCGA-J4-AAU2-01A-01-TS1.D84207E7-8FE5-4811-AEFB-AB37C5C9AFC3,TCGA-PRAD,1,G3,G3,0.3099572956562042,0.17961294949054718,0.3099572956562042,0.2413758635520935,0.26905393600463867,3427,
TCGA-J4-AAU2-01Z-00-DX1.856D1A98-E6A7-499C-9645-E598523C10CB,TCGA-PRAD,3,G5,G5,0.4859170615673065,0.008827397599816322,0.07597070932388306,0.42928484082221985,0.4859170615673065,17004,
TCGA-J9-A52B-01A-01-TS1.9B88F2E9-4A87-4984-A87C-7C66D1CDD404,TCGA-PRAD,3,G5,G5,0.33368155360221863,0.22313915193080902,0.24573273956775665,0.1974465548992157,0.33368155360221863,3259,
TCGA-J9-A52C-01A-01-TS1.A622F816-3814-439C-8638-7466C694E61F,TCGA-PRAD,3,G5,G5,0.2836968004703522,0.2293453961610794,0.27886563539505005,0.2080921083688736,0.2836968004703522,2088,
TCGA-J9-A52D-01A-01-TS1.2F99D326-E63D-4F4D-8465-C154411FCB09,TCGA-PRAD,3,G5,G5,0.30119892954826355,0.16027569770812988,0.2776576578617096,0.26086777448654175,0.30119892954826355,1149,
TCGA-J9-A52E-01A-01-TS1.C51DE081-6685-49E9-9752-9DC2F6ADA44D,TCGA-PRAD,3,G5,G5,0.30647480487823486,0.23516084253787994,0.2481747716665268,0.21018962562084198,0.30647480487823486,1888,
TCGA-J9-A8CK-01A-01-TS1.395A1487-A9B1-4D0E-A349-7DC64622063E,TCGA-PRAD,3,G5,G5,0.2887038588523865,0.22236458957195282,0.27618977427482605,0.21274180710315704,0.2887038588523865,2599,
TCGA-J9-A8CL-01A-01-TS1.585776A4-A5E4-4708-81B2-CE0A19B59537,TCGA-PRAD,3,G5,G5,0.29634833335876465,0.23180143535137177,0.2569323480129242,0.21491794288158417,0.29634833335876465,1636,
TCGA-J9-A8CM-01A-01-TS1.05046E64-A6E1-4BE9-9C7E-55CA7116C193,TCGA-PRAD,3,G5,G5,0.31217825412750244,0.22299417853355408,0.2615564465522766,0.20327118039131165,0.31217825412750244,1951,
TCGA-J9-A8CN-01A-01-TS1.3F5CEB9C-72A3-470F-A7B4-AC54A32A3F25,TCGA-PRAD,1,G3,G3,0.2940808832645416,0.18916597962379456,0.2940808832645416,0.2436194121837616,0.2731337249279022,1943,
TCGA-J9-A8CP-01A-01-TS1.CE9762CD-8950-45F9-8D87-D7A40515E200,TCGA-PRAD,3,G5,G5,0.29229870438575745,0.1834411323070526,0.2842724621295929,0.23998776078224182,0.29229870438575745,856,
TCGA-KC-A4BL-01A-03-TSC.B268270D-8A0D-4AFA-A380-15D0185F29D1,TCGA-PRAD,3,G5,G5,0.32050734758377075,0.13818740844726562,0.2794052064418793,0.2619000971317291,0.32050734758377075,1503,
TCGA-KC-A4BN-01A-06-TSF.199FDF9B-1602-4A7F-8951-5464470EBA23,TCGA-PRAD,1,G3,G3,0.3379485011100769,0.17635217308998108,0.3379485011100769,0.24267417192459106,0.24302516877651215,2202,
TCGA-KC-A4BO-01A-06-TSF.6A5E6D29-3DEA-451C-8EF2-0A15C5F797D6,TCGA-PRAD,1,G3,G3,0.28666767477989197,0.2552596628665924,0.28666767477989197,0.20307014882564545,0.25500258803367615,2190,
TCGA-KC-A4BR-01A-03-TSC.9A3CC218-8EA4-4EFE-9E37-12FAD174FD0C,TCGA-PRAD,1,G3,G3,0.29780322313308716,0.17676550149917603,0.29780322313308716,0.24988238513469696,0.27554890513420105,2525,
TCGA-KC-A4BV-01A-03-TSC.1E9F297E-E290-44D2-AABD-016144E3F8A1,TCGA-PRAD,2,G4,G4,0.2967143654823303,0.13152864575386047,0.2900300621986389,0.2967143654823303,0.2817269563674927,1468,
TCGA-KC-A7F3-01A-02-TSB.4AB11652-9BA5-4D7E-8E04-FF75C57835CC,TCGA-PRAD,1,G3,G3,0.2973177134990692,0.20032668113708496,0.2973177134990692,0.23034487664699554,0.2720107436180115,1762,
TCGA-KC-A7F5-01A-01-TSA.20E9AD85-15A8-42A8-88DD-3834907D811B,TCGA-PRAD,3,G5,G5,0.30240100622177124,0.20457574725151062,0.25373128056526184,0.2392919957637787,0.30240100622177124,2472,
TCGA-KC-A7F6-01A-01-TSA.3E34AA60-0093-402C-9A36-4652E55151B3,TCGA-PRAD,1,G3,G3,0.29817476868629456,0.17841720581054688,0.29817476868629456,0.23869259655475616,0.2847154438495636,1997,
TCGA-KC-A7FA-01A-02-TSB.564A5F1C-94C1-4AE4-B9A8-BBE6CE548944,TCGA-PRAD,1,G3,G3,0.2917121350765228,0.17716799676418304,0.2917121350765228,0.2462894767522812,0.2848304510116577,3256,
TCGA-KC-A7FD-01A-01-TSA.3E36E5E1-1410-4EAA-A48E-2E30216A24C2,TCGA-PRAD,1,G3,G3,0.32342520356178284,0.2065630853176117,0.32342520356178284,0.2202669084072113,0.24974477291107178,2211,
TCGA-KC-A7FE-01A-01-TSA.7333A063-1621-4757-989F-8ABCFCB2C4DB,TCGA-PRAD,3,G5,G5,0.3027961254119873,0.19124969840049744,0.274659126996994,0.23129503428936005,0.3027961254119873,2848,
TCGA-KK-A59V-01A-01-TSA.FF38D050-E2FF-4216-A9AA-1ECD10A79519,TCGA-PRAD,1,G3,G3,0.27070921659469604,0.25174927711486816,0.27070921659469604,0.2070009708404541,0.2705405652523041,941,
TCGA-KK-A59V-01Z-00-DX1.181D78A7-2B0C-46BC-AF12-C0F77C2442EC,TCGA-PRAD,3,G5,G5,0.7438485026359558,0.010368776507675648,0.05772991105914116,0.18805278837680817,0.7438485026359558,15335,
TCGA-KK-A59V-11A-01-TS1.BBA5C6AD-472A-4C8F-BAF6-FA8C1580A111,TCGA-PRAD,1,G3,G3,0.2857435345649719,0.22346468269824982,0.2857435345649719,0.22083649039268494,0.2699553370475769,322,
TCGA-KK-A59X-01A-01-TSA.07314AE0-B30F-4E00-BF74-D8CEA225395D,TCGA-PRAD,2,G4,G4,0.3071260452270508,0.12376251071691513,0.2786025404930115,0.3071260452270508,0.2905089259147644,4110,
TCGA-KK-A59X-01Z-00-DX1.8F30C2E2-BBA2-4857-B020-E548C4D7C359,TCGA-PRAD,3,G5,G5,0.8300241827964783,0.003041499527171254,0.029344869777560234,0.1375894546508789,0.8300241827964783,19504,
TCGA-KK-A59X-11A-02-TSB.3E9424A2-DDE6-4FA9-B8F8-5DF9FE812151,TCGA-PRAD,3,G5,G5,0.3009450435638428,0.20131972432136536,0.26008304953575134,0.23765216767787933,0.3009450435638428,628,
TCGA-KK-A59Y-01A-01-TSA.68765CB3-D391-44FB-BDB4-DD382B2E9AD5,TCGA-PRAD,1,G3,G3,0.3347141146659851,0.1811308115720749,0.3347141146659851,0.24056459963321686,0.24359048902988434,1140,
TCGA-KK-A59Y-01Z-00-DX1.0DB9AF4D-4879-4295-A321-CBEE0FE6B2A0,TCGA-PRAD,3,G5,G5,0.7513805627822876,0.0026747144293040037,0.04264608398079872,0.2032986432313919,0.7513805627822876,13335,
TCGA-KK-A59Y-11A-01-TS1.339A2179-490B-47BF-8C45-0497F7748F44,TCGA-PRAD,1,G3,G3,0.2869916260242462,0.21695289015769958,0.2869916260242462,0.2372051626443863,0.2588502764701843,713,
TCGA-KK-A59Z-01A-01-TSA.827FAA8C-0591-42FE-937D-F8911EA57E5A,TCGA-PRAD,1,G3,G3,0.30370014905929565,0.17655232548713684,0.30370014905929565,0.2512677311897278,0.26847976446151733,3076,
TCGA-KK-A59Z-01Z-00-DX1.83C16C66-CA61-4E86-8CFE-D2A24CEFE69C,TCGA-PRAD,3,G5,G5,0.6828809380531311,0.0027192803099751472,0.04756675288081169,0.26683303713798523,0.6828809380531311,14683,
TCGA-KK-A59Z-11A-01-TSA.94CBA141-EA5F-4AF6-AA9C-0FF24916FA28,TCGA-PRAD,3,G5,G5,0.2995806634426117,0.211134135723114,0.25934603810310364,0.22993911802768707,0.2995806634426117,708,
TCGA-KK-A5A1-01A-01-TSA.DE2B3C73-CDA7-4AFE-98E3-54CD54DD7840,TCGA-PRAD,3,G5,G5,0.34398409724235535,0.1717333048582077,0.254362553358078,0.22992008924484253,0.34398409724235535,3467,
TCGA-KK-A5A1-01Z-00-DX1.E2FB5324-5471-424D-95DB-AFB8736D237C,TCGA-PRAD,3,G5,G5,0.895096480846405,0.0030423817224800587,0.02202186919748783,0.07983920723199844,0.895096480846405,14490,
TCGA-KK-A5A1-11A-01-TS1.DCC61766-E7B1-487F-9416-BF23B0D30AB8,TCGA-PRAD,3,G5,G5,0.3072274923324585,0.18889538943767548,0.2547540068626404,0.24912306666374207,0.3072274923324585,1177,
TCGA-KK-A6DY-01A-01-TS1.01303925-9B6A-459B-B503-6154C3DF6BFE,TCGA-PRAD,1,G3,G3,0.31782498955726624,0.17228342592716217,0.31782498955726624,0.23783475160598755,0.2720567584037781,3451,
TCGA-KK-A6DY-01Z-00-DX1.A58E02B6-F093-43EE-B06C-975C4171E8A1,TCGA-PRAD,3,G5,G5,0.6161424517631531,0.00581347057595849,0.09006080776453018,0.2879832684993744,0.6161424517631531,23193,
TCGA-KK-A6DY-11A-01-TSA.6C3507ED-AB21-4956-B029-710072D3B30D,TCGA-PRAD,3,G5,G5,0.2804940938949585,0.21295396983623505,0.2650456726551056,0.24150624871253967,0.2804940938949585,531,
TCGA-KK-A6E0-01A-01-TSA.008B0D0A-EBD5-47A4-BFA5-46D67B0C3337,TCGA-PRAD,1,G3,G3,0.2982948124408722,0.22841955721378326,0.2982948124408722,0.21943074464797974,0.2538548707962036,2626,
TCGA-KK-A6E0-01Z-00-DX1.F69CA949-C533-4D94-AB14-C70E2EA3B58B,TCGA-PRAD,3,G5,G5,0.5939019322395325,0.007457770872861147,0.10175473242998123,0.29688552021980286,0.5939019322395325,14422,
TCGA-KK-A6E0-11A-01-TS1.992BD01E-B030-4CC4-BC50-72C9E7620A96,TCGA-PRAD,1,G3,G3,0.2777111828327179,0.23069654405117035,0.2777111828327179,0.2310156524181366,0.26057669520378113,464,
TCGA-KK-A6E1-01A-01-TSA.3673196E-26B4-4816-89AC-212851225F28,TCGA-PRAD,3,G5,G5,0.31425413489341736,0.14586450159549713,0.26984766125679016,0.27003368735313416,0.31425413489341736,1865,
TCGA-KK-A6E1-01Z-00-DX1.83E2D047-9152-4CD5-A5C2-EC6606F2D4EF,TCGA-PRAD,3,G5,G5,0.6694301962852478,0.0076197003945708275,0.07853396236896515,0.24441608786582947,0.6694301962852478,25948,
TCGA-KK-A6E1-11A-02-TSB.39AE7A86-67E4-42A9-894C-29929CF5CB11,TCGA-PRAD,3,G5,G5,0.28840455412864685,0.20180144906044006,0.2711847424507141,0.23860926926136017,0.28840455412864685,325,
TCGA-KK-A6E2-01A-01-TSA.B3B4DA6A-0C00-414C-B186-331720BCCD1D,TCGA-PRAD,3,G5,G5,0.3417162001132965,0.14739295840263367,0.2624165713787079,0.24847425520420074,0.3417162001132965,2470,
TCGA-KK-A6E2-01Z-00-DX1.6FD46FC9-EE08-41C0-A11E-B4AEF7AA4B38,TCGA-PRAD,3,G5,G5,0.7400235533714294,0.008384177461266518,0.06911475956439972,0.18247748911380768,0.7400235533714294,23892,
TCGA-KK-A6E2-11A-02-TS2.5907301F-3FBD-432D-959E-D519D8E89212,TCGA-PRAD,3,G5,G5,0.2802833318710327,0.2442002296447754,0.2598862648010254,0.21563009917736053,0.2802833318710327,1153,
TCGA-KK-A6E3-01A-02-TSB.AD2367D5-CB3C-4FE4-8D02-8003650FA3DF,TCGA-PRAD,1,G3,G3,0.3610919117927551,0.17372587323188782,0.3610919117927551,0.24457283318042755,0.22060935199260712,2142,
TCGA-KK-A6E3-01Z-00-DX1.8BF041AA-098A-46A1-B25F-E5FAE56DEA0E,TCGA-PRAD,3,G5,G5,0.4481528401374817,0.008433039300143719,0.16274020075798035,0.38067397475242615,0.4481528401374817,22716,
TCGA-KK-A6E3-11A-01-TS1.312BD713-C1DB-419A-ABA4-27915BC05D77,TCGA-PRAD,3,G5,G5,0.28693094849586487,0.21853730082511902,0.2615310251712799,0.23300066590309143,0.28693094849586487,509,
TCGA-KK-A6E4-01A-01-TSA.DB5AAD3E-6E90-4EE3-9C74-916F21A556B0,TCGA-PRAD,1,G3,G3,0.353852242231369,0.07713177800178528,0.353852242231369,0.33691737055778503,0.23209857940673828,2594,
TCGA-KK-A6E4-01Z-00-DX1.8A9FDF9E-02B8-403B-BF39-13BBB1357CFF,TCGA-PRAD,3,G5,G5,0.6671468615531921,0.006788578815758228,0.08600998669862747,0.24005457758903503,0.6671468615531921,18536,
TCGA-KK-A6E4-11A-01-TS1.763EF290-80A8-4508-B99D-891129EC8BC8,TCGA-PRAD,3,G5,G5,0.29218989610671997,0.22214563190937042,0.2592552602291107,0.2264091968536377,0.29218989610671997,1393,
TCGA-KK-A6E5-01A-01-TS1.71222DBD-35EA-4959-A0ED-D645EA577CC6,TCGA-PRAD,1,G3,G3,0.31408631801605225,0.1289253681898117,0.31408631801605225,0.2890891432762146,0.26789915561676025,2350,
TCGA-KK-A6E5-01Z-00-DX1.964904F1-91C5-4A3E-952D-EB8B78138389,TCGA-PRAD,3,G5,G5,0.6669849753379822,0.003843722166493535,0.08399990200996399,0.24517138302326202,0.6669849753379822,17873,
TCGA-KK-A6E5-11A-01-TSA.2A70E826-8DC8-436F-AA94-517749D88FA9,TCGA-PRAD,1,G3,G3,0.2830227315425873,0.21294665336608887,0.2830227315425873,0.23951329290866852,0.26451733708381653,290,
TCGA-KK-A6E6-01A-01-TS1.CE971355-6AA5-4E99-B217-B233B29F96F5,TCGA-PRAD,3,G5,G5,0.3221684694290161,0.14691294729709625,0.26756757497787476,0.2633509933948517,0.3221684694290161,1521,
TCGA-KK-A6E6-01Z-00-DX1.6A3018FB-D1B1-44E8-A846-29F6EE572747,TCGA-PRAD,3,G5,G5,0.8109486103057861,0.003602882381528616,0.033407062292099,0.1520415097475052,0.8109486103057861,15683,
TCGA-KK-A6E6-11A-01-TSA.6028CB0D-530A-4ACB-872D-D64DDDC562DE,TCGA-PRAD,3,G5,G5,0.2809865474700928,0.2138567715883255,0.2638762593269348,0.2412804514169693,0.2809865474700928,337,
TCGA-KK-A6E7-01A-01-TS1.8751EB48-1340-4F4F-9699-19B5416FB051,TCGA-PRAD,3,G5,G5,0.29498279094696045,0.1815481185913086,0.2741073668003082,0.24936172366142273,0.29498279094696045,978,
TCGA-KK-A6E7-01Z-00-DX1.00AF21EA-5532-4BE7-8269-18027B019865,TCGA-PRAD,3,G5,G5,0.7399386167526245,0.0055794743821024895,0.05036791041493416,0.20411396026611328,0.7399386167526245,15968,
TCGA-KK-A6E7-11A-01-TS1.384664CA-F5E4-4D7A-96AB-FB42B9DF706D,TCGA-PRAD,3,G5,G5,0.2805875539779663,0.22223298251628876,0.2665671110153198,0.23061233758926392,0.2805875539779663,458,
TCGA-KK-A6E8-01A-01-TS1.96864A78-60FD-4DF3-81CB-FB3530FBE76C,TCGA-PRAD,2,G4,G4,0.3158687651157379,0.10866367071866989,0.28798606991767883,0.3158687651157379,0.2874814569950104,4246,
TCGA-KK-A6E8-01Z-00-DX1.5A8673FF-44A5-4383-86E8-A830205C99C7,TCGA-PRAD,3,G5,G5,0.704015851020813,0.002068048343062401,0.04245764762163162,0.25145843625068665,0.704015851020813,23939,
TCGA-KK-A6E8-11A-01-TSA.70271B31-2313-4C89-B71B-DB77641CF6E0,TCGA-PRAD,1,G3,G3,0.3050892651081085,0.2224341481924057,0.3050892651081085,0.2280004471540451,0.2444761097431183,419,
TCGA-KK-A7AP-01A-01-TSA.F75597DE-9FE8-4801-A3EC-099989BEE1F3,TCGA-PRAD,3,G5,G5,0.29235443472862244,0.234486386179924,0.26586994528770447,0.2072891891002655,0.29235443472862244,1798,
TCGA-KK-A7AP-01Z-00-DX1.0776D25A-0E19-4268-8165-791CB95AD714,TCGA-PRAD,3,G5,G5,0.7704647779464722,0.004300238098949194,0.0480099618434906,0.1772250235080719,0.7704647779464722,21971,
TCGA-KK-A7AP-11A-02-TSB.7647F820-72F3-483A-9142-D5A913779E80,TCGA-PRAD,3,G5,G5,0.30560415983200073,0.1747695803642273,0.25114598870277405,0.2684803009033203,0.30560415983200073,218,
TCGA-KK-A7AQ-01A-01-TS1.1CCBBF38-BD14-4FEA-A5D1-CA2994956BD0,TCGA-PRAD,1,G3,G3,0.29351118206977844,0.17753741145133972,0.29351118206977844,0.26726070046424866,0.2616907060146332,1123,
TCGA-KK-A7AQ-01Z-00-DX1.D9E1F380-3695-43A8-B3EA-FC0B391C34C8,TCGA-PRAD,3,G5,G5,0.48559629917144775,0.004414262715727091,0.09549951553344727,0.4144899547100067,0.48559629917144775,20422,
TCGA-KK-A7AQ-11A-01-TSA.01252278-77A1-49F2-B948-58E9D0F6D42D,TCGA-PRAD,1,G3,G3,0.3088139295578003,0.20203275978565216,0.3088139295578003,0.23466834425926208,0.2544849216938019,507,
TCGA-KK-A7AU-01A-01-TSA.BEA20AFD-2CF9-4390-AD68-D096822F8058,TCGA-PRAD,1,G3,G3,0.28920841217041016,0.20899081230163574,0.28920841217041016,0.22574324905872345,0.27605748176574707,3146,
TCGA-KK-A7AU-01Z-00-DX1.5DA62B04-B06C-4EBB-9512-F96D3A83D549,TCGA-PRAD,3,G5,G5,0.5616768002510071,0.004785676021128893,0.09150886535644531,0.3420287072658539,0.5616768002510071,15146,
TCGA-KK-A7AU-11A-01-TS1.40962430-BDF7-421F-8C60-7ECCC383DC9E,TCGA-PRAD,3,G5,G5,0.2911638617515564,0.19465875625610352,0.2666713297367096,0.2475060224533081,0.2911638617515564,1347,
TCGA-KK-A7AV-01A-01-TS1.4C62E151-C101-4D5B-8EEF-90B0DD2F08D1,TCGA-PRAD,1,G3,G3,0.31717362999916077,0.17929965257644653,0.31717362999916077,0.23847955465316772,0.265047162771225,2952,
TCGA-KK-A7AV-01Z-00-DX1.3913353D-9E72-4A3F-A627-08279D906C69,TCGA-PRAD,3,G5,G5,0.4358915388584137,0.005246697925031185,0.15264131128787994,0.4062204360961914,0.4358915388584137,10542,
TCGA-KK-A7AV-11A-01-TS1.8FFE3E30-554B-4511-AB72-967737906999,TCGA-PRAD,1,G3,G3,0.2755361795425415,0.23184262216091156,0.2755361795425415,0.23857863247394562,0.2540425658226013,561,
TCGA-KK-A7AW-01A-01-TS1.789FFFA9-C1B6-4852-A383-48EC3DF46075,TCGA-PRAD,3,G5,G5,0.2959181070327759,0.18968871235847473,0.2863389551639557,0.22805427014827728,0.2959181070327759,4536,
TCGA-KK-A7AW-01Z-00-DX1.F8A3E0D5-AC32-4C57-8AE2-5B98790544E7,TCGA-PRAD,3,G5,G5,0.746351420879364,0.0026533291675150394,0.05450150743126869,0.1964937299489975,0.746351420879364,15163,
TCGA-KK-A7AW-11A-01-TS1.10C22879-6643-446E-B811-2356B4FD89EC,TCGA-PRAD,3,G5,G5,0.3035953938961029,0.21321280300617218,0.26289883255958557,0.22029291093349457,0.3035953938961029,1034,
TCGA-KK-A7AY-01A-01-TSA.3D70CBDB-F46C-417D-88A1-78E14A80B184,TCGA-PRAD,1,G3,G3,0.2982842028141022,0.17742429673671722,0.2982842028141022,0.2392253875732422,0.2850661277770996,3745,
TCGA-KK-A7AY-01Z-00-DX1.8CDAC82D-76E0-4D0E-905F-9332D3C3036F,TCGA-PRAD,3,G5,G5,0.6574041247367859,0.0035857870243489742,0.07522600889205933,0.26378411054611206,0.6574041247367859,24560,
TCGA-KK-A7AY-11A-02-TS2.2525C48A-162D-4D58-9553-1F3FF15E0A95,TCGA-PRAD,3,G5,G5,0.3061811029911041,0.18955829739570618,0.26674896478652954,0.23751167953014374,0.3061811029911041,1748,
TCGA-KK-A7AZ-01A-01-TSA.244810DD-C033-4A5E-BC08-66263FCD99FF,TCGA-PRAD,3,G5,G5,0.3093087077140808,0.15620066225528717,0.2827591598033905,0.2517314851284027,0.3093087077140808,1305,
TCGA-KK-A7AZ-01Z-00-DX1.88A60F6F-7BB9-40AC-B5FE-0BCE88B30ADA,TCGA-PRAD,3,G5,G5,0.617658257484436,0.004932621028274298,0.08383698761463165,0.29357221722602844,0.617658257484436,22993,
TCGA-KK-A7AZ-11A-01-TS1.4AE9652D-2C92-4B01-948F-A928C5432632,TCGA-PRAD,3,G5,G5,0.2804339528083801,0.2128010243177414,0.279400110244751,0.2273649275302887,0.2804339528083801,653,
TCGA-KK-A7B0-01A-01-TSA.7467778D-429A-43C9-B6D4-232518E51C1C,TCGA-PRAD,3,G5,G5,0.31605514883995056,0.14617352187633514,0.2749480605125427,0.2628232538700104,0.31605514883995056,1675,
TCGA-KK-A7B0-01Z-00-DX1.566B8D1A-F56A-4020-8A3F-266885FAFA64,TCGA-PRAD,3,G5,G5,0.4507158398628235,0.005045934580266476,0.10986822098493576,0.43436992168426514,0.4507158398628235,14522,
TCGA-KK-A7B0-11A-01-TS1.303C6947-1DAE-4A2E-8F7C-1FC0DB38A316,TCGA-PRAD,1,G3,G3,0.2751128673553467,0.22545558214187622,0.2751128673553467,0.22777052223682404,0.27166101336479187,558,
TCGA-KK-A7B1-01A-01-TSA.8790DDC2-3E46-4D66-9C4B-765AE80EFB79,TCGA-PRAD,1,G3,G3,0.3080989718437195,0.16414137184619904,0.3080989718437195,0.25541144609451294,0.2723481059074402,1587,
TCGA-KK-A7B1-01Z-00-DX1.18931C6F-1F93-49CF-BF9D-3C913B0609B7,TCGA-PRAD,3,G5,G5,0.5342296957969666,0.004983287770301104,0.10750237852334976,0.35328465700149536,0.5342296957969666,17584,
TCGA-KK-A7B1-11A-01-TSA.5F3BB00F-78A9-4A34-95FB-B7B05C191000,TCGA-PRAD,3,G5,G5,0.2700456976890564,0.22355306148529053,0.26837676763534546,0.23802444338798523,0.2700456976890564,299,
TCGA-KK-A7B2-01A-01-TSA.3F1E3102-294C-47F4-A1DA-1D0F09ABE9C1,TCGA-PRAD,1,G3,G3,0.3147522509098053,0.1760149747133255,0.3147522509098053,0.24475151300430298,0.2644813060760498,2675,
TCGA-KK-A7B2-01Z-00-DX1.3E779031-6FE4-4BD0-838C-D9ED49E1B9A7,TCGA-PRAD,3,G5,G5,0.6002700924873352,0.006263269577175379,0.10038506984710693,0.2930816113948822,0.6002700924873352,13580,
TCGA-KK-A7B2-11A-01-TSA.B8D4A146-E56D-4BAB-92C7-0D95E602316E,TCGA-PRAD,3,G5,G5,0.306428998708725,0.18941475450992584,0.249355286359787,0.2548008859157562,0.306428998708725,504,
TCGA-KK-A7B3-01A-01-TSA.FB0C77E6-EAFB-449D-B3B2-C73A4E3EFCE6,TCGA-PRAD,1,G3,G3,0.30836018919944763,0.1394539624452591,0.30836018919944763,0.2698122560977936,0.2823736369609833,4805,
TCGA-KK-A7B3-01Z-00-DX1.2525F4D7-C3A5-4469-9D5E-F33532A3BA21,TCGA-PRAD,3,G5,G5,0.5260592699050903,0.008066379465162754,0.13541840016841888,0.3304559588432312,0.5260592699050903,16678,
TCGA-KK-A7B3-11A-02-TS2.4A5C8962-8E77-4EB1-9F7A-23CD39CA443B,TCGA-PRAD,1,G3,G3,0.28739115595817566,0.21831797063350677,0.28739115595817566,0.2261827141046524,0.2681080400943756,2104,
TCGA-KK-A7B4-01A-01-TSA.A8D4552D-F08F-47E9-8014-258D234ADC43,TCGA-PRAD,3,G5,G5,0.34531357884407043,0.16280853748321533,0.25011998414993286,0.24175791442394257,0.34531357884407043,3585,
TCGA-KK-A7B4-01Z-00-DX1.DAC07B4A-C8C5-4DFE-963A-502FB264E205,TCGA-PRAD,3,G5,G5,0.7902842164039612,0.009183933958411217,0.056476447731256485,0.1440553367137909,0.7902842164039612,17991,
TCGA-KK-A7B4-11A-01-TSA.DC43501A-F95B-4A4C-AE95-DEB2E2315A58,TCGA-PRAD,1,G3,G3,0.2771800756454468,0.20771826803684235,0.2771800756454468,0.23964940011501312,0.27545231580734253,267,
TCGA-KK-A8I4-01A-01-TSA.50509952-4BEF-44DE-A5B0-715428399EBD,TCGA-PRAD,3,G5,G5,0.28303661942481995,0.21926571428775787,0.2806665003299713,0.2170310765504837,0.28303661942481995,3184,
TCGA-KK-A8I4-01Z-00-DX1.5331B969-783B-4549-B187-C267497C5BBD,TCGA-PRAD,3,G5,G5,0.641918420791626,0.0033688433468341827,0.05608475208282471,0.29862794280052185,0.641918420791626,27527,
TCGA-KK-A8I4-11A-01-TSA.1503D47E-6F8C-4A09-B775-02B9C331BCFF,TCGA-PRAD,3,G5,G5,0.2994031012058258,0.18172810971736908,0.25718703866004944,0.2616817355155945,0.2994031012058258,491,
TCGA-KK-A8I5-01A-01-TSA.70DE1833-A6A3-4744-87CB-104B1FA7FAAB,TCGA-PRAD,1,G3,G3,0.2946074903011322,0.20543760061264038,0.2946074903011322,0.23375041782855988,0.2662044167518616,3246,
TCGA-KK-A8I5-01Z-00-DX1.CA6219A0-650D-4281-B693-B96444A62C24,TCGA-PRAD,3,G5,G5,0.47535091638565063,0.0040613338351249695,0.09256110340356827,0.4280266761779785,0.47535091638565063,21450,
TCGA-KK-A8I5-11A-01-TSA.1ADA9010-0589-44DF-81CB-87CB56204CB7,TCGA-PRAD,1,G3,G3,0.28944942355155945,0.2413017600774765,0.28944942355155945,0.2209061235189438,0.24834272265434265,764,
TCGA-KK-A8I6-01A-01-TSA.FF7D7433-6E48-4D04-AC18-664F1E1ED2DE,TCGA-PRAD,1,G3,G3,0.30409443378448486,0.18684779107570648,0.30409443378448486,0.2401575893163681,0.26890015602111816,3320,
TCGA-KK-A8I6-01Z-00-DX1.C81CEF74-FDE6-4D01-BA09-AEF6F9C6A3D7,TCGA-PRAD,3,G5,G5,0.7452184557914734,0.0028823434840887785,0.050963710993528366,0.20093555748462677,0.7452184557914734,15252,
TCGA-KK-A8I6-11A-01-TSA.6597DB50-621C-4194-AC1D-FBAE73B86115,TCGA-PRAD,1,G3,G3,0.28833499550819397,0.23673461377620697,0.28833499550819397,0.23781181871891022,0.23711855709552765,297,
TCGA-KK-A8I7-01A-02-TSB.F5AAE2D4-BB78-4866-AAD4-C448933A0D3B,TCGA-PRAD,3,G5,G5,0.2897234857082367,0.19259022176265717,0.2866010069847107,0.23108527064323425,0.2897234857082367,4354,
TCGA-KK-A8I7-01Z-00-DX1.18EFAFFF-7E7C-4072-8137-7D04FB687B4A,TCGA-PRAD,3,G5,G5,0.6417669653892517,0.002736411988735199,0.05748090520501137,0.29801568388938904,0.6417669653892517,14188,
TCGA-KK-A8I7-11A-01-TSA.A691FFBF-1422-4B71-BF85-446A5F4B6026,TCGA-PRAD,1,G3,G3,0.2875944674015045,0.2288910150527954,0.2875944674015045,0.22549015283584595,0.2580243647098541,823,
TCGA-KK-A8I8-01A-01-TSA.CF36FA55-B601-4D89-9A5E-A514EDB8D34F,TCGA-PRAD,3,G5,G5,0.3063778877258301,0.20770038664340973,0.2724361717700958,0.21348555386066437,0.3063778877258301,2098,
TCGA-KK-A8I8-01Z-00-DX1.9C138C77-7DD7-4EE0-A34C-D4B629E18087,TCGA-PRAD,3,G5,G5,0.6431398391723633,0.0029759518802165985,0.07459952682256699,0.2792847156524658,0.6431398391723633,10844,
TCGA-KK-A8I8-11A-01-TSA.A86578B7-F531-4BFC-A6C0-FDC35592D684,TCGA-PRAD,1,G3,G3,0.27709877490997314,0.23508557677268982,0.27709877490997314,0.22301475703716278,0.26480087637901306,836,
TCGA-KK-A8I9-01A-01-TS1.A3E31324-9E06-4799-85B4-4F6236848009,TCGA-PRAD,1,G3,G3,0.2917456030845642,0.19179552793502808,0.2917456030845642,0.24112586677074432,0.2753330171108246,6963,
TCGA-KK-A8I9-01Z-00-DX1.8DD81B98-3C5B-4F54-A1E9-0966E12205E3,TCGA-PRAD,3,G5,G5,0.654201865196228,0.009819608181715012,0.09153767675161362,0.24444085359573364,0.654201865196228,13646,
TCGA-KK-A8I9-11A-01-TSA.1E174CA5-9298-41B6-A705-728F111A3E7B,TCGA-PRAD,1,G3,G3,0.26562049984931946,0.23241154849529266,0.26562049984931946,0.23650750517845154,0.26546037197113037,871,
TCGA-KK-A8IA-01A-01-TSA.3DB623C5-07CC-4570-A844-738110A47658,TCGA-PRAD,3,G5,G5,0.28560104966163635,0.195621520280838,0.26601821184158325,0.25275924801826477,0.28560104966163635,1453,
TCGA-KK-A8IA-01Z-00-DX1.4396AFCE-0AE2-4066-BB73-1503173FC563,TCGA-PRAD,3,G5,G5,0.7504050135612488,0.0031627940479665995,0.046354249119758606,0.20007798075675964,0.7504050135612488,21650,
TCGA-KK-A8IA-11A-01-TSA.BF600756-5D83-40C9-984B-85BF0125D9FD,TCGA-PRAD,1,G3,G3,0.2981386184692383,0.22827254235744476,0.2981386184692383,0.2292761504650116,0.24431262910366058,503,
TCGA-KK-A8IB-01A-01-TSA.CEC4A2F0-B077-4FBF-AEB3-FC2991150015,TCGA-PRAD,1,G3,G3,0.2857741713523865,0.22982758283615112,0.2857741713523865,0.22767581045627594,0.25672245025634766,4114,
TCGA-KK-A8IB-01Z-00-DX1.84831EF3-B283-4152-9A81-426E3099882D,TCGA-PRAD,3,G5,G5,0.6312292218208313,0.01360746007412672,0.1125665232539177,0.24259676039218903,0.6312292218208313,17920,
TCGA-KK-A8IB-11A-01-TSA.7B87A2AE-3931-4A70-9252-3F5E0F102199,TCGA-PRAD,3,G5,G5,0.2893006205558777,0.22123289108276367,0.2541300654411316,0.23533640801906586,0.2893006205558777,325,
TCGA-KK-A8IC-01A-01-TSA.903F0684-BE61-4FD2-A75C-4FF3904CD629,TCGA-PRAD,3,G5,G5,0.28519362211227417,0.21562670171260834,0.27084293961524963,0.22833669185638428,0.28519362211227417,3960,
TCGA-KK-A8IC-01Z-00-DX1.4C740858-8802-4724-8B9A-78B246EC0B71,TCGA-PRAD,3,G5,G5,0.727553129196167,0.004788591060787439,0.04906598478555679,0.2185923308134079,0.727553129196167,23740,
TCGA-KK-A8IC-11A-01-TSA.A9CBD4D7-891D-43A2-97D9-362DD5E82EEB,TCGA-PRAD,1,G3,G3,0.29790911078453064,0.23157639801502228,0.29790911078453064,0.2237510234117508,0.24676348268985748,402,
TCGA-KK-A8ID-01A-01-TSA.7F48FB16-2EEC-4667-853B-E0FDFC212AD3,TCGA-PRAD,3,G5,G5,0.31290680170059204,0.22226525843143463,0.24901451170444489,0.21581344306468964,0.31290680170059204,5058,
TCGA-KK-A8ID-01Z-00-DX1.66002C96-1473-4F59-AA01-5540664866D2,TCGA-PRAD,3,G5,G5,0.7516226172447205,0.004811297170817852,0.045856695622205734,0.19770941138267517,0.7516226172447205,23685,
TCGA-KK-A8ID-11A-01-TS1.7E63E7B9-8FDE-4F1F-B329-6B1340E9BE0F,TCGA-PRAD,3,G5,G5,0.2778225839138031,0.21570082008838654,0.2601446807384491,0.24633193016052246,0.2778225839138031,1334,
TCGA-KK-A8IF-01A-01-TSA.6864A3E6-0CDB-42FF-8C05-BFE455F34CBF,TCGA-PRAD,3,G5,G5,0.2874976694583893,0.21464741230010986,0.2754361629486084,0.22241879999637604,0.2874976694583893,4017,
TCGA-KK-A8IF-01Z-00-DX1.D89CE36A-8166-4CA5-82DE-A937ABBF14D0,TCGA-PRAD,3,G5,G5,0.6519269943237305,0.004321517422795296,0.07144904881715775,0.2723024785518646,0.6519269943237305,13734,
TCGA-KK-A8IF-11A-01-TS1.62A8B020-BF4E-4B70-A6D0-03A238354602,TCGA-PRAD,3,G5,G5,0.2709886431694031,0.24169133603572845,0.263386994600296,0.22393301129341125,0.2709886431694031,832,
TCGA-KK-A8IG-01A-01-TS1.E4593170-11C2-49F0-AABA-7F69E54FE72D,TCGA-PRAD,3,G5,G5,0.2915468215942383,0.1801036149263382,0.28389647603034973,0.2444530874490738,0.2915468215942383,5332,
TCGA-KK-A8IG-01Z-00-DX1.57499D3B-8589-4A1A-A295-A17B48704A54,TCGA-PRAD,3,G5,G5,0.7960914373397827,0.002457362599670887,0.03916899114847183,0.16228216886520386,0.7960914373397827,11151,
TCGA-KK-A8IG-11A-01-TSA.E7F97841-0BB3-4A6F-8958-AE9FB07F551A,TCGA-PRAD,1,G3,G3,0.2839888334274292,0.22237466275691986,0.2839888334274292,0.23299363255500793,0.2606429159641266,714,
TCGA-KK-A8IH-01A-01-TSA.A4BFD561-CD51-4F2E-A7AF-4F42B732F8C7,TCGA-PRAD,3,G5,G5,0.27940502762794495,0.21008414030075073,0.27846693992614746,0.23204387724399567,0.27940502762794495,5180,
TCGA-KK-A8IH-01Z-00-DX1.16CFDCF5-205F-4A46-9CBD-C2CE14B1EA61,TCGA-PRAD,3,G5,G5,0.6347997784614563,0.005173599347472191,0.07515811175107956,0.2848685085773468,0.6347997784614563,21942,
TCGA-KK-A8IH-11A-01-TSA.D723CBAE-1AB1-47CD-A400-26F56A32DFD2,TCGA-PRAD,3,G5,G5,0.2731139361858368,0.24086341261863708,0.26623713970184326,0.21978551149368286,0.2731139361858368,609,
TCGA-KK-A8II-01A-01-TSA.53E1BBC3-141B-4D80-9BD4-017E640DB590,TCGA-PRAD,1,G3,G3,0.2891051769256592,0.2085794061422348,0.2891051769256592,0.2351466715335846,0.26716873049736023,2677,
TCGA-KK-A8II-01Z-00-DX1.2AF0AC96-1017-42CE-9BC6-D9EAED43C0BD,TCGA-PRAD,3,G5,G5,0.7456701397895813,0.005306255538016558,0.05712439864873886,0.19189921021461487,0.7456701397895813,24174,
TCGA-KK-A8II-11A-01-TSA.5EE40CD3-0CE8-4B64-A3B8-D93356BC6703,TCGA-PRAD,1,G3,G3,0.2832457721233368,0.2184218019247055,0.2832457721233368,0.2333548367023468,0.26497751474380493,757,
TCGA-KK-A8IJ-01A-01-TSA.162D3490-4FE7-441A-9099-D94194072B8F,TCGA-PRAD,1,G3,G3,0.29405316710472107,0.18291929364204407,0.29405316710472107,0.23404251039028168,0.28898507356643677,2674,
TCGA-KK-A8IJ-01Z-00-DX1.84EA7BE5-2707-4DDC-965F-1D65A0BCD280,TCGA-PRAD,3,G5,G5,0.7550206184387207,0.0048099360428750515,0.05586549639701843,0.18430398404598236,0.7550206184387207,13873,
TCGA-KK-A8IJ-11A-01-TSA.D100DB60-1039-438F-B76C-4F565CC361D6,TCGA-PRAD,3,G5,G5,0.29048654437065125,0.20466382801532745,0.2755449414253235,0.229304701089859,0.29048654437065125,685,
TCGA-KK-A8IK-01A-01-TS1.F8C37D5A-498D-4396-98D1-5178C8A64EE9,TCGA-PRAD,1,G3,G3,0.28385603427886963,0.1996799111366272,0.28385603427886963,0.25622791051864624,0.2602362036705017,4394,
TCGA-KK-A8IK-01Z-00-DX1.FB5F2457-F503-4A0F-8911-C87F2251333C,TCGA-PRAD,3,G5,G5,0.5312272310256958,0.007843025028705597,0.1198388934135437,0.3410908877849579,0.5312272310256958,20621,
TCGA-KK-A8IK-11A-01-TS1.11C10DF6-670E-4B35-8F3E-81133958240E,TCGA-PRAD,3,G5,G5,0.273917555809021,0.22696593403816223,0.2670261859893799,0.2320902943611145,0.273917555809021,448,
TCGA-KK-A8IL-01A-01-TS1.3A6BEFA1-89DA-4B95-9F9A-D9F0645329C2,TCGA-PRAD,3,G5,G5,0.31499531865119934,0.1740657389163971,0.27713707089424133,0.23380190134048462,0.31499531865119934,2920,
TCGA-KK-A8IL-01Z-00-DX1.C91F74AC-39D4-44BB-A48B-F4AACA135007,TCGA-PRAD,3,G5,G5,0.7017582654953003,0.00442597595974803,0.06922674924135208,0.22458893060684204,0.7017582654953003,14856,
TCGA-KK-A8IL-11A-01-TS1.8DA4CFFF-B8D2-4B10-B3F6-2251192CCE9C,TCGA-PRAD,3,G5,G5,0.2792397141456604,0.2245953530073166,0.2742239534854889,0.22194096446037292,0.2792397141456604,1034,
TCGA-KK-A8IM-01A-01-TS1.65605135-114E-4534-91DC-BDCD5222DE49,TCGA-PRAD,1,G3,G3,0.3047526180744171,0.1839858591556549,0.3047526180744171,0.24073632061481476,0.270525187253952,3068,
TCGA-KK-A8IM-01Z-00-DX1.23C9F940-22F0-4AD3-8364-799278B7A83F,TCGA-PRAD,3,G5,G5,0.5384486317634583,0.0036763574462383986,0.09675563126802444,0.3611193001270294,0.5384486317634583,18228,
TCGA-KK-A8IM-11A-01-TSA.0C5B733E-917D-4B26-BDCB-A86AE9522EF8,TCGA-PRAD,1,G3,G3,0.2962876856327057,0.23086372017860413,0.2962876856327057,0.22018541395664215,0.25266319513320923,652,
TCGA-M7-A71Y-01A-02-TS2.02E5043D-11EC-4B9A-8310-94134A8AFE6B,TCGA-PRAD,1,G3,G3,0.3231191337108612,0.17432650923728943,0.3231191337108612,0.2407185584306717,0.26183590292930603,5397,
TCGA-M7-A71Y-01Z-00-DX1.0B405CF4-492A-4778-ABBA-6C9F8A346E51,TCGA-PRAD,2,G4,G4,0.4200596511363983,0.010549779050052166,0.20392818748950958,0.4200596511363983,0.36546239256858826,6684,
TCGA-M7-A71Z-01A-01-TSA.4567D0CB-6BB6-47A9-9176-FC51F211BEDD,TCGA-PRAD,3,G5,G5,0.2805800139904022,0.1951802670955658,0.2716186046600342,0.2526210844516754,0.2805800139904022,2298,
TCGA-M7-A71Z-01Z-00-DX1.6BF9FC04-5E86-4D4E-B5E1-AA41C2B38FB5,TCGA-PRAD,2,G4,G4,0.46671080589294434,0.011966428719460964,0.18596041202545166,0.46671080589294434,0.3353623151779175,8723,
TCGA-M7-A720-01A-01-TSA.36DAAACD-8088-4ECB-ABB5-A7EEC06BB1ED,TCGA-PRAD,1,G3,G3,0.3419763445854187,0.16276930272579193,0.3419763445854187,0.24388323724269867,0.2513710856437683,5277,
TCGA-M7-A720-01Z-00-DX1.5680EDA8-FA91-4077-AB68-3D81986D99E3,TCGA-PRAD,2,G4,G4,0.6108719706535339,0.005945678800344467,0.19871383905410767,0.6108719706535339,0.18446852266788483,6324,
TCGA-M7-A721-01A-01-TSA.9952B1D0-B827-4691-BB5E-D0FD055C237A,TCGA-PRAD,1,G3,G3,0.3529902994632721,0.16740699112415314,0.3529902994632721,0.2564540505409241,0.22314870357513428,2020,
TCGA-M7-A721-01Z-00-DX1.DB6F590D-95C4-4FA1-8476-944D21EEB65D,TCGA-PRAD,2,G4,G4,0.4857310354709625,0.009814005345106125,0.20978301763534546,0.4857310354709625,0.2946718633174896,8452,
TCGA-M7-A722-01A-01-TS1.509AB9B3-A266-43AB-A7D5-7C4D674703B0,TCGA-PRAD,3,G5,G5,0.28923270106315613,0.1915753036737442,0.2732525169849396,0.2459394484758377,0.28923270106315613,1678,
TCGA-M7-A722-01Z-00-DX1.92921857-7A4A-4BE7-BF3E-8805C6397713,TCGA-PRAD,3,G5,G5,0.5440053939819336,0.005724513437598944,0.05835225060582161,0.3919178247451782,0.5440053939819336,8074,
TCGA-M7-A723-01A-01-TS1.7756FE3B-F7A5-4CAA-8DFF-A835B5611FD3,TCGA-PRAD,1,G3,G3,0.3218170404434204,0.21429894864559174,0.3218170404434204,0.220447838306427,0.2434360682964325,3246,
TCGA-M7-A723-01Z-00-DX1.D1CDCC7C-F5AB-4FB7-A889-F8AFFC071EF3,TCGA-PRAD,2,G4,G4,0.5153331160545349,0.004631714429706335,0.08889853209257126,0.5153331160545349,0.39113664627075195,16088,
TCGA-M7-A724-01A-01-TSA.D2403A13-37B3-494D-83A0-02C231C83D3A,TCGA-PRAD,3,G5,G5,0.29278358817100525,0.1719699501991272,0.25393855571746826,0.2813078463077545,0.29278358817100525,2543,
TCGA-M7-A724-01Z-00-DX1.9A09FA7A-21B8-4F04-BA5D-CA6D81334B0C,TCGA-PRAD,3,G5,G5,0.43436262011528015,0.014305469579994678,0.1239413172006607,0.42739060521125793,0.43436262011528015,5943,
TCGA-M7-A725-01A-01-TSA.FD012DE4-4891-4AB4-AFE4-86374BE781A6,TCGA-PRAD,1,G3,G3,0.2985179126262665,0.15866413712501526,0.2985179126262665,0.2683961093425751,0.2744217813014984,1832,
TCGA-M7-A725-01Z-00-DX1.39C22396-977C-466A-A79B-5B0C26362141,TCGA-PRAD,3,G5,G5,0.4745803475379944,0.020783718675374985,0.16837824881076813,0.3362576365470886,0.4745803475379944,4218,
TCGA-MG-AAMC-01A-01-TS1.8EB4F80B-FBB3-4DA3-89E6-96C2D6612EA3,TCGA-PRAD,1,G3,G3,0.3046109080314636,0.18693047761917114,0.3046109080314636,0.2392837256193161,0.26917487382888794,1307,
TCGA-MG-AAMC-01Z-00-DX1.B54878B6-DB3B-48C9-B640-B2CB1CD2E213,TCGA-PRAD,3,G5,G5,0.5155190229415894,0.0060318694449961185,0.06830539554357529,0.4101436734199524,0.5155190229415894,13745,
TCGA-MG-AAMC-01Z-00-DX2.9DFE44B1-A918-41E9-BE64-A1A965B61CBD,TCGA-PRAD,3,G5,G5,0.5110153555870056,0.006113714538514614,0.0676526427268982,0.4152183532714844,0.5110153555870056,9281,
TCGA-QU-A6IL-01A-01-TS1.D449866D-370A-465C-9C4E-513D6438DF31,TCGA-PRAD,1,G3,G3,0.3109230101108551,0.19657494127750397,0.3109230101108551,0.22901207208633423,0.2634899616241455,5435,
TCGA-QU-A6IL-01Z-00-DX1.675EB89C-5DBA-4C92-9330-2C1715633964,TCGA-PRAD,2,G4,G4,0.6121014952659607,0.008150024339556694,0.0967707559466362,0.6121014952659607,0.2829777002334595,23948,
TCGA-QU-A6IM-01A-01-TS1.B39CFAD6-7F19-4517-A6FB-78337FD3AB31,TCGA-PRAD,1,G3,G3,0.3374409079551697,0.16232168674468994,0.3374409079551697,0.24675267934799194,0.25348472595214844,1178,
TCGA-QU-A6IM-01Z-00-DX1.7E4CB20E-481F-44F8-854B-AA87D58118B0,TCGA-PRAD,2,G4,G4,0.5080016851425171,0.014591841958463192,0.12408441305160522,0.5080016851425171,0.35332217812538147,18246,
TCGA-QU-A6IN-01A-01-TSA.17D43360-0250-4449-B4EF-2375ACF9ACD5,TCGA-PRAD,1,G3,G3,0.2911800444126129,0.21400398015975952,0.2911800444126129,0.22242380678653717,0.2723921537399292,5225,
TCGA-QU-A6IN-01Z-00-DX1.B6E9CA11-BDB2-4F7F-B900-DFE8A4531138,TCGA-PRAD,2,G4,G4,0.5434128642082214,0.008198917843401432,0.11376656591892242,0.5434128642082214,0.3346216380596161,16430,
TCGA-QU-A6IO-01A-01-TS1.D5BC34EE-7925-4C41-A892-0E91A47317F9,TCGA-PRAD,1,G3,G3,0.3178873360157013,0.18072468042373657,0.3178873360157013,0.2421586662530899,0.25922930240631104,1049,
TCGA-QU-A6IO-01Z-00-DX1.9D16B516-872C-4916-A683-7A7C0CCC5176,TCGA-PRAD,2,G4,G4,0.6766276359558105,0.00502418028190732,0.11285668611526489,0.6766276359558105,0.2054915577173233,13673,
TCGA-QU-A6IP-01A-01-TSA.A132CD4D-53F3-4262-98E5-E1CAF97BF851,TCGA-PRAD,1,G3,G3,0.3340229094028473,0.20806454122066498,0.3340229094028473,0.2139577567577362,0.24395474791526794,3579,
TCGA-QU-A6IP-01Z-00-DX1.F5BA8BA6-2D9B-4765-A3AC-DB9718FA1F5F,TCGA-PRAD,2,G4,G4,0.502066969871521,0.003132464597001672,0.05738803744316101,0.502066969871521,0.4374125599861145,14606,
TCGA-SU-A7E7-01A-02-TSB.4501DDB2-75F8-46CB-A677-80981853C9FC,TCGA-PRAD,3,G5,G5,0.3021910786628723,0.18393497169017792,0.2820086181163788,0.23186534643173218,0.3021910786628723,2590,
TCGA-SU-A7E7-01Z-00-DX1.1C4CB02E-100C-4A40-8C98-55F21C6CEE30,TCGA-PRAD,2,G4,G4,0.3630605936050415,0.06524252146482468,0.28377920389175415,0.3630605936050415,0.2879176735877991,3806,
TCGA-TK-A8OK-01A-02-TS2.D78A81E7-06ED-4CC3-B1D0-8FF0C4AA8CA4,TCGA-PRAD,3,G5,G5,0.3321731686592102,0.18999771773815155,0.25286513566970825,0.22496400773525238,0.3321731686592102,2017,
TCGA-TK-A8OK-01Z-00-DX1.84B8868B-A4BE-4DA6-9466-AE016DADC7C3,TCGA-PRAD,3,G5,G5,0.39848998188972473,0.07074989378452301,0.20235198736190796,0.3284080922603607,0.39848998188972473,24037,
TCGA-TP-A8TT-01A-01-TS1.4424AB79-9E2C-44A8-A1BF-53EB5A2A83C7,TCGA-PRAD,3,G5,G5,0.291707843542099,0.21697232127189636,0.26331275701522827,0.22800706326961517,0.291707843542099,3531,
TCGA-TP-A8TT-01Z-00-DX1.652EA809-D931-46EE-80C9-0551C16DF822,TCGA-PRAD,3,G5,G5,0.5628781318664551,0.007110246457159519,0.06798434257507324,0.36202719807624817,0.5628781318664551,15467,
TCGA-TP-A8TV-01A-01-TS1.07FB8CBD-C760-4601-B299-DA86C6655E2B,TCGA-PRAD,1,G3,G3,0.3021067678928375,0.1747726947069168,0.3021067678928375,0.2535261809825897,0.26959437131881714,1805,
TCGA-TP-A8TV-01Z-00-DX1.16CEB4D6-1E14-4211-A9E8-D94EA0FBC2EE,TCGA-PRAD,3,G5,G5,0.5138100981712341,0.00464062113314867,0.05554628744721413,0.4260029196739197,0.5138100981712341,9804,
TCGA-V1-A8MF-01A-01-TSA.A993698C-DD3F-430F-94C3-3426A63FD71C,TCGA-PRAD,1,G3,G3,0.286556601524353,0.15414291620254517,0.286556601524353,0.2767464816570282,0.2825540602207184,3347,
TCGA-V1-A8MF-01Z-00-DX1.1216504B-8729-458D-A976-3C33DC34423E,TCGA-PRAD,2,G4,G4,0.4841659963130951,0.0041114757768809795,0.06264255940914154,0.4841659963130951,0.4490799605846405,10310,
TCGA-V1-A8MG-01A-01-TS1.B4732F98-7A85-4371-B3AF-A6EF2180804F,TCGA-PRAD,1,G3,G3,0.3201628625392914,0.17857764661312103,0.3201628625392914,0.23010702431201935,0.2711524963378906,1417,
TCGA-V1-A8MG-01Z-00-DX1.E141371C-B88D-4EE9-B65E-9C9DEC4EAA70,TCGA-PRAD,3,G5,G5,0.6961976289749146,0.004241758957505226,0.04481653869152069,0.2547440528869629,0.6961976289749146,9045,
TCGA-V1-A8MJ-01A-01-TS1.62FDD0DB-16E4-464F-A630-ADF51402957C,TCGA-PRAD,1,G3,G3,0.3026924729347229,0.21301326155662537,0.3026924729347229,0.22691431641578674,0.257379949092865,4042,
TCGA-V1-A8MJ-01Z-00-DX1.D93AA527-A186-4A95-AE06-463C819EC894,TCGA-PRAD,3,G5,G5,0.47120630741119385,0.005843316670507193,0.06813604384660721,0.4548143446445465,0.47120630741119385,11142,
TCGA-V1-A8MK-01A-01-TS1.AA9EA810-E375-4BEC-A2FC-BD693634206C,TCGA-PRAD,1,G3,G3,0.33337658643722534,0.2242794781923294,0.33337658643722534,0.21607016026973724,0.22627384960651398,2346,
TCGA-V1-A8MK-01Z-00-DX1.54C1630D-42EC-4DD5-9FBF-C82CAAC679B5,TCGA-PRAD,3,G5,G5,0.4656001627445221,0.007320368196815252,0.08691644668579102,0.4401629865169525,0.4656001627445221,23429,
TCGA-V1-A8ML-01A-01-TS1.88675857-2292-4588-A66C-A6CACF413ACB,TCGA-PRAD,3,G5,G5,0.3094806373119354,0.1614008992910385,0.2732446491718292,0.25587373971939087,0.3094806373119354,924,
TCGA-V1-A8ML-01Z-00-DX1.BEE27AFB-3331-464F-BB9D-69C1AE1865CA,TCGA-PRAD,2,G4,G4,0.5249585509300232,0.003280976787209511,0.05676894262433052,0.5249585509300232,0.41499149799346924,8500,
TCGA-V1-A8MM-01A-01-TS1.269FC185-AB10-4518-A234-D37D286064C1,TCGA-PRAD,1,G3,G3,0.2979476749897003,0.1995566338300705,0.2979476749897003,0.23839370906352997,0.26410192251205444,5608,
TCGA-V1-A8MM-01Z-00-DX1.F76F9585-0443-4523-AE34-9BB87508518A,TCGA-PRAD,2,G4,G4,0.5283225774765015,0.004296653438359499,0.06218739598989487,0.5283225774765015,0.40519338846206665,17152,
TCGA-V1-A8MU-01A-01-TSA.02914C34-783E-4D23-9EA3-2233288B69C5,TCGA-PRAD,1,G3,G3,0.30473166704177856,0.2282160371541977,0.30473166704177856,0.21490949392318726,0.2521427273750305,3802,
TCGA-V1-A8MU-01Z-00-DX1.2C9CED13-5C2C-4FFB-AB0B-3904BAA4FEFF,TCGA-PRAD,2,G4,G4,0.5534948706626892,0.004911885596811771,0.06853672862052917,0.5534948706626892,0.37305647134780884,10087,
TCGA-V1-A8WL-01A-01-TS1.034495A6-8143-4BD4-BA21-7C80EBAD5250,TCGA-PRAD,1,G3,G3,0.29424726963043213,0.20641325414180756,0.29424726963043213,0.22847412526607513,0.2708653509616852,2684,
TCGA-V1-A8WL-01Z-00-DX1.D8496440-4A64-405B-ADC7-4F8E91BBB439,TCGA-PRAD,3,G5,G5,0.4687419533729553,0.005704161711037159,0.07096660137176514,0.4545871913433075,0.4687419533729553,17380,
TCGA-V1-A8WN-01A-01-TS1.50EA1B31-F52E-406B-A34B-24DC8E25DB3B,TCGA-PRAD,1,G3,G3,0.3573654592037201,0.1947592794895172,0.3573654592037201,0.23010064661502838,0.21777473390102386,873,
TCGA-V1-A8WN-01Z-00-DX1.BE5E60A2-FF72-421B-A356-7644493DC708,TCGA-PRAD,2,G4,G4,0.5668138265609741,0.005884787067770958,0.07142192870378494,0.5668138265609741,0.35587942600250244,18419,
TCGA-V1-A8WS-01A-01-TS1.EB3B7D36-60B5-461E-B6E3-A7EC383D568E,TCGA-PRAD,1,G3,G3,0.3226282000541687,0.1807328313589096,0.3226282000541687,0.2282213270664215,0.2684176564216614,1220,
TCGA-V1-A8WS-01Z-00-DX1.78D6CA57-E1DB-4583-8A71-676FE5819C73,TCGA-PRAD,2,G4,G4,0.6995079517364502,0.0037612025626003742,0.057204511016607285,0.6995079517364502,0.23952636122703552,15250,
TCGA-V1-A8WV-01A-01-TS1.BFC1B7E7-3025-4829-ACB9-969A1E2F96FA,TCGA-PRAD,3,G5,G5,0.2856616675853729,0.21760942041873932,0.2804012894630432,0.21632763743400574,0.2856616675853729,6705,
TCGA-V1-A8WV-01Z-00-DX1.1419FDEA-BA02-42C4-9FF0-6F1F284BC6F3,TCGA-PRAD,3,G5,G5,0.5733157396316528,0.012928249314427376,0.07617530971765518,0.33758071064949036,0.5733157396316528,15962,
TCGA-V1-A8WW-01A-01-TS1.311288A8-B974-41A3-B4DA-FF7E7DD9E35C,TCGA-PRAD,3,G5,G5,0.2968437671661377,0.1739242672920227,0.2821301221847534,0.247101828455925,0.2968437671661377,2092,
TCGA-V1-A8WW-01Z-00-DX1.19E341EB-92C6-4E41-B35D-103FDD9E1C00,TCGA-PRAD,3,G5,G5,0.5818406939506531,0.013658139854669571,0.07554160058498383,0.32895952463150024,0.5818406939506531,17409,
TCGA-V1-A8X3-01A-01-TSA.ED1C8458-116C-4924-8243-DE4A32386114,TCGA-PRAD,3,G5,G5,0.29682013392448425,0.19359628856182098,0.2773668169975281,0.23221682012081146,0.29682013392448425,2759,
TCGA-V1-A8X3-01Z-00-DX1.BFEC3A80-29BC-4E21-9A04-5AF53603313D,TCGA-PRAD,2,G4,G4,0.49101418256759644,0.003695168998092413,0.07293132692575455,0.49101418256759644,0.43235933780670166,25641,
TCGA-V1-A9O5-01A-01-TSA.5945F2D2-7769-468F-84A0-6D41D7DDCF41,TCGA-PRAD,3,G5,G5,0.32990676164627075,0.17806358635425568,0.26052406430244446,0.23150551319122314,0.32990676164627075,1718,
TCGA-V1-A9O5-01Z-00-DX1.60716099-2E50-4D15-B9B4-A34F5B6BE3CC,TCGA-PRAD,3,G5,G5,0.49847128987312317,0.006866652984172106,0.06211232766509056,0.4325498044490814,0.49847128987312317,16480,
TCGA-V1-A9O7-01A-02-TSB.4E28EE7F-02F1-4E59-8D9B-A5D24FB37584,TCGA-PRAD,3,G5,G5,0.3517446219921112,0.19567303359508514,0.2350442260503769,0.21753811836242676,0.3517446219921112,3397,
TCGA-V1-A9O7-01Z-00-DX1.FED3BDE1-B135-47B5-8B39-54F27C228804,TCGA-PRAD,3,G5,G5,0.6606616973876953,0.008625243790447712,0.05487242713570595,0.2758406102657318,0.6606616973876953,15452,
TCGA-V1-A9O9-01A-01-TS1.D61A093A-FF1C-49BC-A6E8-B11847A728A8,TCGA-PRAD,3,G5,G5,0.28481635451316833,0.248085618019104,0.2638155519962311,0.2032824605703354,0.28481635451316833,6480,
TCGA-V1-A9O9-01Z-00-DX1.64BAA5D4-8C59-4698-8FF9-D8FC156827A5,TCGA-PRAD,3,G5,G5,0.4614986181259155,0.005789554677903652,0.0743914544582367,0.45832034945487976,0.4614986181259155,19112,
TCGA-V1-A9OA-01A-01-TS1.C876BFB7-645C-4226-9E7D-592277D89A10,TCGA-PRAD,3,G5,G5,0.3873576521873474,0.1700226366519928,0.21469372510910034,0.22792600095272064,0.3873576521873474,1964,
TCGA-V1-A9OA-01Z-00-DX1.72156A18-EA88-4004-9644-1279CCE895B9,TCGA-PRAD,3,G5,G5,0.6114622354507446,0.003287773346528411,0.043371301144361496,0.34187862277030945,0.6114622354507446,15483,
TCGA-V1-A9OF-01A-01-TS1.38902575-95B8-4490-A23A-A29CCC93531E,TCGA-PRAD,1,G3,G3,0.31849363446235657,0.1620836704969406,0.31849363446235657,0.2568589746952057,0.26256367564201355,1035,
TCGA-V1-A9OF-01Z-00-DX1.37ADF4EC-28AD-4924-91F3-E8C943E258D2,TCGA-PRAD,2,G4,G4,0.46446749567985535,0.00649031950160861,0.07321515679359436,0.46446749567985535,0.45582708716392517,15709,
TCGA-V1-A9OH-01A-01-TS1.C2BCA36E-39D9-4A49-AE5C-4BEB1C6B3831,TCGA-PRAD,3,G5,G5,0.3108210265636444,0.17600825428962708,0.28141969442367554,0.23175108432769775,0.3108210265636444,2747,
TCGA-V1-A9OH-01Z-00-DX1.E4CD8354-A5F2-4582-9CED-F81F3AB6BD75,TCGA-PRAD,3,G5,G5,0.477652907371521,0.00494531262665987,0.05554584041237831,0.461855947971344,0.477652907371521,19559,
TCGA-V1-A9OL-01A-01-TSA.BBF8793F-C75D-46BC-9229-C5EB90C3CAE7,TCGA-PRAD,3,G5,G5,0.28634193539619446,0.21352440118789673,0.26176947355270386,0.23836420476436615,0.28634193539619446,2310,
TCGA-V1-A9OL-01Z-00-DX1.1E81143A-3C49-4A79-8800-1B63D4213B66,TCGA-PRAD,3,G5,G5,0.5633023381233215,0.009694758802652359,0.06185878440737724,0.3651440739631653,0.5633023381233215,11392,
TCGA-V1-A9OQ-01A-01-TSA.03A1D0F4-897A-4EE7-ADC7-36CF06FB85AC,TCGA-PRAD,1,G3,G3,0.3226945102214813,0.17750611901283264,0.3226945102214813,0.24376480281352997,0.25603464245796204,6396,
TCGA-V1-A9OQ-01Z-00-DX1.6B57FA2E-B1D8-4CA4-B0E7-401A33ED93B4,TCGA-PRAD,3,G5,G5,0.5252322554588318,0.0034403710160404444,0.05573264881968498,0.41559478640556335,0.5252322554588318,28385,
TCGA-V1-A9OT-01A-01-TSA.7BDFDECC-390D-4D1D-A51A-CEC1D535539A,TCGA-PRAD,1,G3,G3,0.30971279740333557,0.23591642081737518,0.30971279740333557,0.20552346110343933,0.2488473802804947,1054,
TCGA-V1-A9OT-01Z-00-DX1.079E9FCD-D174-4908-90ED-4236C57DD2A1,TCGA-PRAD,2,G4,G4,0.5769141316413879,0.0037630628794431686,0.05927813798189163,0.5769141316413879,0.3600446581840515,16670,
TCGA-V1-A9OX-01A-01-TSA.43976173-60AA-4F9D-86B5-4C9116CB4B15,TCGA-PRAD,1,G3,G3,0.30751433968544006,0.19160369038581848,0.30751433968544006,0.23268811404705048,0.2681938707828522,3250,
TCGA-V1-A9OX-01Z-00-DX1.E4FD5D9C-6634-4410-943F-3F389141183E,TCGA-PRAD,2,G4,G4,0.5721786618232727,0.006538882851600647,0.0692853033542633,0.5721786618232727,0.35199716687202454,12518,
TCGA-V1-A9OY-01A-01-TSA.094F989C-9E96-4222-BB30-07DA0279891D,TCGA-PRAD,1,G3,G3,0.2966538965702057,0.23359496891498566,0.2966538965702057,0.21197021007537842,0.25778093934059143,2667,
TCGA-V1-A9OY-01Z-00-DX1.95F6F791-F14D-4C88-8343-F0375D89D140,TCGA-PRAD,3,G5,G5,0.5464455485343933,0.007466788403689861,0.06642166525125504,0.37966597080230713,0.5464455485343933,13194,
TCGA-V1-A9Z7-01A-01-TSA.90DBD6E9-DB82-4AFB-8D16-BB509D747A1E,TCGA-PRAD,3,G5,G5,0.3010880947113037,0.23572497069835663,0.2546384334564209,0.20854854583740234,0.3010880947113037,3843,
TCGA-V1-A9Z7-01Z-00-DX1.25193852-0015-4D15-A0EB-50DAA2F83686,TCGA-PRAD,2,G4,G4,0.5213845372200012,0.005590359214693308,0.07305867224931717,0.5213845372200012,0.3999665081501007,16841,
TCGA-V1-A9Z8-01A-01-TSA.A2040AF8-E972-4239-B02C-84A2F45C81FC,TCGA-PRAD,1,G3,G3,0.2961321771144867,0.21841338276863098,0.2961321771144867,0.22248224914073944,0.2629721462726593,5984,
TCGA-V1-A9Z8-01Z-00-DX1.13EC1D8E-5F3B-4BBC-AA35-DD4B0F60980F,TCGA-PRAD,3,G5,G5,0.7004388570785522,0.0038579984102398157,0.03966313228011131,0.25603997707366943,0.7004388570785522,30851,
TCGA-V1-A9Z9-01A-02-TSB.C130BC9B-3C93-43E4-832B-296480105680,TCGA-PRAD,1,G3,G3,0.30929312109947205,0.16788506507873535,0.30929312109947205,0.2421843707561493,0.2806374132633209,912,
TCGA-V1-A9Z9-01Z-00-DX1.CB27F8C0-FADF-4010-904D-125FE17AE8B3,TCGA-PRAD,3,G5,G5,0.5469861030578613,0.005072552710771561,0.057310011237859726,0.3906313478946686,0.5469861030578613,27147,
TCGA-V1-A9ZG-01A-01-TSA.689D242F-AC2D-4885-A42E-78583DE7EB03,TCGA-PRAD,3,G5,G5,0.30075523257255554,0.22029688954353333,0.26058799028396606,0.21835997700691223,0.30075523257255554,4579,
TCGA-V1-A9ZG-01Z-00-DX1.BF182FE0-43CB-451A-B8EF-9D2CE7BC744F,TCGA-PRAD,3,G5,G5,0.49516335129737854,0.004625387955456972,0.06352780014276505,0.43668344616889954,0.49516335129737854,21561,
TCGA-V1-A9ZI-01A-01-TSA.D935448D-B594-4ECA-8AFC-2CD9A72ACFA5,TCGA-PRAD,3,G5,G5,0.3160029649734497,0.19319172203540802,0.2641220986843109,0.22668325901031494,0.3160029649734497,2204,
TCGA-V1-A9ZI-01Z-00-DX1.66AC3D31-41CB-4CF8-907D-4B61D30DA2D4,TCGA-PRAD,3,G5,G5,0.5715816617012024,0.007102216128259897,0.05550674721598625,0.3658093810081482,0.5715816617012024,9483,
TCGA-V1-A9ZK-01A-01-TS1.543DD12A-5143-4B82-9895-61CD701E2A19,TCGA-PRAD,1,G3,G3,0.3173711597919464,0.19763775169849396,0.3173711597919464,0.2221306562423706,0.26286041736602783,4325,
TCGA-V1-A9ZK-01Z-00-DX1.516F849C-772B-4369-81D3-92DF8102E7F2,TCGA-PRAD,2,G4,G4,0.4809805154800415,0.0035609398037195206,0.05411291494965553,0.4809805154800415,0.4613456428050995,20923,
TCGA-V1-A9ZR-01A-01-TSA.9D064846-1D67-4499-93F6-1F1813ECD520,TCGA-PRAD,3,G5,G5,0.3683142066001892,0.15002387762069702,0.2584786117076874,0.2231833040714264,0.3683142066001892,4958,
TCGA-V1-A9ZR-01Z-00-DX1.09668B8E-0AFA-4252-ABF1-BA7BD5D301B6,TCGA-PRAD,3,G5,G5,0.7871988415718079,0.004532883409410715,0.03226834535598755,0.17599999904632568,0.7871988415718079,8983,
TCGA-VN-A88I-01A-01-TSA.B75FB23A-72C1-40D7-91DA-09F7EFAB5296,TCGA-PRAD,0,Normal,Normal,0.2779276371002197,0.2779276371002197,0.25802189111709595,0.19938111305236816,0.26466935873031616,2138,
TCGA-VN-A88K-01A-01-TSA.16FB693D-47C8-4E02-98C7-AF766FAD8F59,TCGA-PRAD,3,G5,G5,0.2999606728553772,0.21735364198684692,0.2596634030342102,0.22302232682704926,0.2999606728553772,2471,
TCGA-VN-A88L-01A-01-TS1.597C5A27-C448-466C-8144-2C8C9166176A,TCGA-PRAD,1,G3,G3,0.28913041949272156,0.21570590138435364,0.28913041949272156,0.2241431474685669,0.27102044224739075,2609,
TCGA-VN-A88M-01A-01-TS1.5C5DDFD6-FEBE-42B0-A80F-55DACB3BE16D,TCGA-PRAD,1,G3,G3,0.3334512710571289,0.1807551383972168,0.3334512710571289,0.24868400394916534,0.23710964620113373,3946,
TCGA-VN-A88N-01A-01-TS1.EE052890-4105-411B-BFB9-B290365FA755,TCGA-PRAD,1,G3,G3,0.2915411591529846,0.18314971029758453,0.2915411591529846,0.2528431713581085,0.2724660038948059,2398,
TCGA-VN-A88O-01A-01-TS1.C76C5861-67AD-409A-9D67-7065B118119A,TCGA-PRAD,3,G5,G5,0.28113922476768494,0.21519730985164642,0.27606797218322754,0.2275954782962799,0.28113922476768494,4994,
TCGA-VN-A88P-01A-01-TSA.9CE4D2C0-E657-429B-8285-CD8CE5333F75,TCGA-PRAD,3,G5,G5,0.2867453396320343,0.21486809849739075,0.26618441939353943,0.23220209777355194,0.2867453396320343,2933,
TCGA-VN-A88Q-01A-01-TS1.9FFEF08D-3380-410A-8859-D0C6777CC42F,TCGA-PRAD,3,G5,G5,0.29420343041419983,0.1825617551803589,0.279335618019104,0.24389927089214325,0.29420343041419983,2814,
TCGA-VN-A88R-01A-01-TS1.2F090513-E822-4724-BB5F-22179936CF56,TCGA-PRAD,3,G5,G5,0.2797687351703644,0.18912546336650848,0.26810571551322937,0.26300013065338135,0.2797687351703644,3787,
TCGA-VN-A943-01A-01-TS1.6CE59D3F-3331-4314-B88D-2BDB10514FA0,TCGA-PRAD,1,G3,G3,0.3369740843772888,0.17316298186779022,0.3369740843772888,0.2413490265607834,0.2485138475894928,2624,
TCGA-VP-A872-01A-01-TS1.55B9394B-7B38-479A-91BD-C0E0C97787E4,TCGA-PRAD,1,G3,G3,0.3073902726173401,0.17072398960590363,0.3073902726173401,0.25044146180152893,0.27144426107406616,3326,
TCGA-VP-A872-01Z-00-DX1.F62D214B-BAC8-4A6B-81C1-427E8AA8F382,TCGA-PRAD,2,G4,G4,0.669350802898407,0.011537962593138218,0.17175689339637756,0.669350802898407,0.1473543494939804,30768,
TCGA-VP-A875-01A-03-TSC.AD2E1524-B182-426E-B648-336413326839,TCGA-PRAD,3,G5,G5,0.3199867606163025,0.19202637672424316,0.2611739933490753,0.22681285440921783,0.3199867606163025,2546,
TCGA-VP-A875-01Z-00-DX1.96476DFA-7CFE-4100-A791-E7415B1DC719,TCGA-PRAD,2,G4,G4,0.581303060054779,0.012401904910802841,0.17403478920459747,0.581303060054779,0.23226013779640198,19218,
TCGA-VP-A876-01A-01-TS1.C4BA0F3F-2AB1-4605-AA48-E7B36FC2ACF2,TCGA-PRAD,1,G3,G3,0.3723866939544678,0.12957222759723663,0.3723866939544678,0.27283093333244324,0.2252102494239807,1849,
TCGA-VP-A876-01Z-00-DX1.C7015749-A4D2-4FE2-8681-DBB839D0EC3B,TCGA-PRAD,2,G4,G4,0.5755786299705505,0.012433058582246304,0.21397899091243744,0.5755786299705505,0.19800938665866852,32822,
TCGA-VP-A878-01A-03-TSC.48D632DE-2B85-4819-9FF8-F1869CEC134D,TCGA-PRAD,3,G5,G5,0.29709863662719727,0.18615350127220154,0.2818300426006317,0.23491783440113068,0.29709863662719727,2741,
TCGA-VP-A878-01Z-00-DX1.9FED3449-AC9E-4C21-BCAF-4138CEB5E5C2,TCGA-PRAD,2,G4,G4,0.5209760069847107,0.011670644395053387,0.2167077362537384,0.5209760069847107,0.25064563751220703,22216,
TCGA-VP-A879-01A-01-TSA.FA8B87D6-5632-43BF-8D36-A06E14D1EB9E,TCGA-PRAD,1,G3,G3,0.3005610406398773,0.21550671756267548,0.3005610406398773,0.21854999661445618,0.2653822600841522,3142,
TCGA-VP-A879-01Z-00-DX1.FC957319-7D9E-4480-B279-D42D5FFD2A4B,TCGA-PRAD,2,G4,G4,0.5954646468162537,0.015660174190998077,0.21141807734966278,0.5954646468162537,0.1774570196866989,10839,
TCGA-VP-A87B-01A-01-TS1.BC560038-D3F6-4E5F-9953-F7D5F76BE7C5,TCGA-PRAD,1,G3,G3,0.2967455983161926,0.15477725863456726,0.2967455983161926,0.27774578332901,0.2707313597202301,7355,
TCGA-VP-A87B-01Z-00-DX1.E11AE7F4-676D-4A0E-A184-5BAE01ABD432,TCGA-PRAD,2,G4,G4,0.7204487323760986,0.005642051342874765,0.12057679891586304,0.7204487323760986,0.15333250164985657,9567,
TCGA-VP-A87C-01A-01-TS1.54424B0D-C9D1-4075-8D1C-6F2BB73CD7E5,TCGA-PRAD,3,G5,G5,0.3502119779586792,0.08866097778081894,0.2666260600090027,0.29450100660324097,0.3502119779586792,2704,
TCGA-VP-A87C-01Z-00-DX1.6DD1B93C-250B-4FD2-9630-F5C0A554FE98,TCGA-PRAD,2,G4,G4,0.6146464347839355,0.00871643889695406,0.17248941957950592,0.6146464347839355,0.20414771139621735,23767,
TCGA-VP-A87D-01A-01-TS1.8940D320-BAA9-4BCA-846A-0C81E97C530C,TCGA-PRAD,1,G3,G3,0.3022894263267517,0.14252492785453796,0.3022894263267517,0.2844181954860687,0.2707674503326416,4471,
TCGA-VP-A87D-01Z-00-DX1.AAABF812-D68A-48B5-89F3-3D7D109D4BE4,TCGA-PRAD,2,G4,G4,0.5025292038917542,0.013225071132183075,0.19176512956619263,0.5025292038917542,0.29248061776161194,24054,
TCGA-VP-A87E-01A-03-TSC.E796556D-69AA-49F7-A0D3-654CB0826380,TCGA-PRAD,3,G5,G5,0.29641029238700867,0.21733126044273376,0.2597126066684723,0.22654587030410767,0.29641029238700867,2641,
TCGA-VP-A87E-01Z-00-DX1.E01A7C2F-087F-4AFB-9A8C-3092EC841423,TCGA-PRAD,2,G4,G4,0.7137048244476318,0.006596663035452366,0.13544920086860657,0.7137048244476318,0.1442493051290512,23487,
TCGA-VP-A87H-01A-01-TS1.837755F3-B1CD-44B6-87CC-5F44FF195946,TCGA-PRAD,1,G3,G3,0.3171750009059906,0.1509072631597519,0.3171750009059906,0.2747119963169098,0.25720569491386414,4125,
TCGA-VP-A87H-01Z-00-DX1.AE5FAB92-3282-404D-BD0C-699746F7915E,TCGA-PRAD,2,G4,G4,0.5648349523544312,0.006172954570502043,0.11551478505134583,0.5648349523544312,0.3134773373603821,18517,
TCGA-VP-A87J-01A-01-TSA.7D927837-324F-4245-974D-265D59987142,TCGA-PRAD,2,G4,G4,0.29836156964302063,0.13823038339614868,0.2979133129119873,0.29836156964302063,0.2654947340488434,3092,
TCGA-VP-A87J-01Z-00-DX1.31A1E162-71C5-4F15-B9C5-AFAB41506F86,TCGA-PRAD,2,G4,G4,0.6995636224746704,0.006040296051651239,0.14300091564655304,0.6995636224746704,0.15139517188072205,21105,
TCGA-VP-A87K-01A-01-TSA.D20F7E24-F2E4-4791-BBDA-FFBC9018EE0F,TCGA-PRAD,3,G5,G5,0.28925853967666626,0.19294151663780212,0.2832932472229004,0.23450660705566406,0.28925853967666626,2251,
TCGA-VP-A87K-01Z-00-DX1.A1BED19B-7C83-4B88-A869-B138713A2292,TCGA-PRAD,2,G4,G4,0.7149728536605835,0.004630236886441708,0.12516966462135315,0.7149728536605835,0.15522721409797668,11170,
TCGA-VP-AA1N-01A-03-TSC.DA36ADC6-D5DC-4861-90A6-3B3BD1B61D30,TCGA-PRAD,3,G5,G5,0.30238911509513855,0.18837091326713562,0.27388525009155273,0.2353547215461731,0.30238911509513855,6367,
TCGA-VP-AA1N-01Z-00-DX1.D052BFA0-B7AD-44E4-BCC8-A962960CCCBE,TCGA-PRAD,2,G4,G4,0.5996426343917847,0.007099886890500784,0.1273031085729599,0.5996426343917847,0.2659544050693512,13361,
TCGA-WW-A8ZI-01A-01-TSA.BB4CB36B-72D3-4DBC-A48B-B3D90EFCC873,TCGA-PRAD,1,G3,G3,0.32742637395858765,0.19786028563976288,0.32742637395858765,0.23243378102779388,0.24227957427501678,2226,
TCGA-WW-A8ZI-01Z-00-DX1.D8EA0F9D-EF79-489E-9AB7-C07CBBF4AAC2,TCGA-PRAD,3,G5,G5,0.6900545358657837,0.008142290636897087,0.055081211030483246,0.24672198295593262,0.6900545358657837,11959,
TCGA-WW-A8ZI-01Z-00-DX2.BE12DAC0-F2DD-486B-AD8F-EA3C68144895,TCGA-PRAD,3,G5,G5,0.7250775694847107,0.009014394134283066,0.051429182291030884,0.21447883546352386,0.7250775694847107,19243,
TCGA-WW-A8ZI-01Z-00-DX3.4F78311D-BB61-44B2-B5EB-34CFF26211E1,TCGA-PRAD,3,G5,G5,0.7509780526161194,0.007816308178007603,0.0459807850420475,0.19522488117218018,0.7509780526161194,13556,
TCGA-WW-A8ZI-01Z-00-DX4.19925B69-872C-4A20-AA9F-7D8A31DF02F9,TCGA-PRAD,3,G5,G5,0.6744611263275146,0.007422709837555885,0.05576552078127861,0.2623506486415863,0.6744611263275146,21452,
TCGA-WW-A8ZI-01Z-00-DX5.7A4D2C8E-F68E-4C22-8808-FBB9A634DB93,TCGA-PRAD,3,G5,G5,0.5719404220581055,0.010279495269060135,0.07727538794279099,0.3405047059059143,0.5719404220581055,11575,
TCGA-WW-A8ZI-01Z-00-DX6.3645EDB2-41D8-4B5F-9A4E-A11C1D354435,TCGA-PRAD,3,G5,G5,0.635136067867279,0.00640910305082798,0.06030753254890442,0.2981472611427307,0.635136067867279,6324,
TCGA-WW-A8ZI-01Z-00-DX7.9194D7B4-3062-45D7-BC0C-3CA0FEA0A5A7,TCGA-PRAD,3,G5,G5,0.5643606185913086,0.00990078505128622,0.07879777252674103,0.346940815448761,0.5643606185913086,12467,
TCGA-WW-A8ZI-01Z-00-DX8.4FF9463C-C78F-49BB-A073-B93B5722D705,TCGA-PRAD,3,G5,G5,0.5386886596679688,0.01499384269118309,0.0894327163696289,0.35688477754592896,0.5386886596679688,11950,
TCGA-X4-A8KQ-01A-01-TSA.B56F7A27-B644-466E-98DF-1AF2B0DB993D,TCGA-PRAD,3,G5,G5,0.27911171317100525,0.23550203442573547,0.27470189332962036,0.2106844037771225,0.27911171317100525,3672,
TCGA-X4-A8KQ-01Z-00-DX1.A9466A6A-9474-4F93-88EB-D21CC1CCD47C,TCGA-PRAD,2,G4,G4,0.5389893651008606,0.005761648528277874,0.06015639752149582,0.5389893651008606,0.39509257674217224,12426,
TCGA-X4-A8KQ-01Z-00-DX2.16F2F3D2-7673-40E0-9AE7-4C77403819EB,TCGA-PRAD,2,G4,G4,0.5735241770744324,0.004634898621588945,0.05652517080307007,0.5735241770744324,0.3653157949447632,24258,
TCGA-X4-A8KQ-01Z-00-DX3.31ACC93B-288F-4278-8C1D-D0BC3806CD44,TCGA-PRAD,2,G4,G4,0.5555707812309265,0.008067164570093155,0.06626623123884201,0.5555707812309265,0.37009575963020325,29288,
TCGA-X4-A8KQ-01Z-00-DX4.5E255D3E-DBD1-43F6-828F-EC9792E6DBB4,TCGA-PRAD,2,G4,G4,0.49586325883865356,0.0049097719602286816,0.05175835266709328,0.49586325883865356,0.44746866822242737,13570,
TCGA-X4-A8KQ-01Z-00-DX5.6E2CB3CF-F856-4C91-ADF8-739A179A5C8C,TCGA-PRAD,3,G5,G5,0.469937801361084,0.005310205742716789,0.05512138456106186,0.46963053941726685,0.469937801361084,21351,
TCGA-X4-A8KQ-01Z-00-DX6.31684EB7-1659-4AEF-A5D9-8E53B921E75A,TCGA-PRAD,3,G5,G5,0.5356890559196472,0.004991885274648666,0.048957083374261856,0.41036200523376465,0.5356890559196472,30693,
TCGA-X4-A8KQ-01Z-00-DX7.C8756796-ED65-47B2-A66E-C48A6CF345C1,TCGA-PRAD,3,G5,G5,0.5242949724197388,0.006192876026034355,0.05429961159825325,0.4152125120162964,0.5242949724197388,19671,
TCGA-X4-A8KQ-01Z-00-DX8.CB4EEC3A-9457-40AB-866A-D9C41FA48AC4,TCGA-PRAD,3,G5,G5,0.47317472100257874,0.0076107364147901535,0.06245685741305351,0.45675769448280334,0.47317472100257874,14720,
TCGA-X4-A8KQ-01Z-00-DX9.2527CB7F-2878-4D99-B81D-4F66B178DFF7,TCGA-PRAD,2,G4,G4,0.5605829358100891,0.007346515078097582,0.07097405940294266,0.5605829358100891,0.36109650135040283,23880,
TCGA-X4-A8KS-01A-01-TSA.F211E613-289B-4357-BDE0-5D71E9A8E433,TCGA-PRAD,1,G3,G3,0.31200850009918213,0.22986248135566711,0.31200850009918213,0.22272798418998718,0.23540103435516357,1861,
TCGA-X4-A8KS-01Z-00-DX1.590D57D8-3053-4C42-9216-C93DE8587C12,TCGA-PRAD,2,G4,G4,0.5535458922386169,0.0050703538581728935,0.06501147896051407,0.5535458922386169,0.3763722777366638,14275,
TCGA-X4-A8KS-01Z-00-DX2.E7A0D551-4DF3-47B0-885A-181E798FC36B,TCGA-PRAD,2,G4,G4,0.5756918787956238,0.0038112502079457045,0.06258983910083771,0.5756918787956238,0.3579070568084717,14471,
TCGA-X4-A8KS-01Z-00-DX3.C0B3403B-1EE3-490D-B8F4-027818112DEA,TCGA-PRAD,2,G4,G4,0.598376989364624,0.0038562670815736055,0.06622826308012009,0.598376989364624,0.33153852820396423,20726,
TCGA-X4-A8KS-01Z-00-DX4.34C5D87E-7598-49A7-B937-6CD2D7D64811,TCGA-PRAD,2,G4,G4,0.680841863155365,0.0030067935585975647,0.0637713223695755,0.680841863155365,0.25238001346588135,10783,
TCGA-XA-A8JR-01A-01-TSA.A4C49A70-6A71-41B1-870B-4EC738072146,TCGA-PRAD,1,G3,G3,0.3054591715335846,0.17272156476974487,0.3054591715335846,0.26588886976242065,0.2559303045272827,1099,
TCGA-XA-A8JR-01Z-00-DX1.E31C544F-F56B-4331-8024-132BB6FA11E2,TCGA-PRAD,2,G4,G4,0.5944948196411133,0.014211010187864304,0.1538611799478531,0.5944948196411133,0.23743295669555664,8277,
TCGA-XJ-A83F-01A-01-TS1.A64E1105-4C29-4402-8DA8-C4F43AC60114,TCGA-PRAD,2,G4,G4,0.3361261487007141,0.08073746412992477,0.28743523359298706,0.3361261487007141,0.29570120573043823,585,
TCGA-XJ-A83F-01Z-00-DX1.11A9B6FC-16AB-44F2-B93E-7806693D90F7,TCGA-PRAD,2,G4,G4,0.6404021978378296,0.010275928303599358,0.17211073637008667,0.6404021978378296,0.17721116542816162,12742,
TCGA-XJ-A83G-01A-01-TS1.08E95894-A227-402D-9743-1F99B8041B63,TCGA-PRAD,1,G3,G3,0.3245561718940735,0.17124734818935394,0.3245561718940735,0.24591363966464996,0.258282870054245,1361,
TCGA-XJ-A83G-01Z-00-DX1.2E6C26F6-4E7E-4CBE-A1E4-C33AA4F25390,TCGA-PRAD,2,G4,G4,0.6104613542556763,0.006304322741925716,0.09124308824539185,0.6104613542556763,0.2919912338256836,12332,
TCGA-XJ-A83H-01A-01-TS1.8AFFC6C2-3C71-49CB-9828-1FA0C2B95112,TCGA-PRAD,1,G3,G3,0.3001424968242645,0.1846996396780014,0.3001424968242645,0.2500573694705963,0.26510050892829895,2444,
TCGA-XJ-A83H-01Z-00-DX1.D082B6C4-A54C-47D2-ACAB-E97A0D721236,TCGA-PRAD,2,G4,G4,0.5686779618263245,0.0056150564923882484,0.09595688432455063,0.5686779618263245,0.32975006103515625,11437,
TCGA-XJ-A9DI-01A-01-TS1.2A491F91-12B2-4784-ABBE-94C4067757D1,TCGA-PRAD,3,G5,G5,0.36073848605155945,0.06579022109508514,0.25183287262916565,0.3216383755207062,0.36073848605155945,792,
TCGA-XJ-A9DI-01Z-00-DX1.0A4BD633-9872-45EC-981D-FCCAC8211F14,TCGA-PRAD,2,G4,G4,0.49932950735092163,0.013592632487416267,0.11131400614976883,0.49932950735092163,0.375763863325119,10574,
TCGA-XJ-A9DK-01A-01-TS1.CB9BC055-DBB5-4EA9-A59A-6249F5E28BC7,TCGA-PRAD,3,G5,G5,0.2843450903892517,0.2245246022939682,0.279854416847229,0.2112758606672287,0.2843450903892517,2808,
TCGA-XJ-A9DK-01Z-00-DX1.C57FD583-7FE9-48A0-BBF5-D15BE7F2873E,TCGA-PRAD,2,G4,G4,0.5951909422874451,0.007752580102533102,0.10136382281780243,0.5951909422874451,0.29569271206855774,8936,
TCGA-XJ-A9DQ-01A-01-TS1.47096BDE-640A-434A-9C38-7048A4246718,TCGA-PRAD,1,G3,G3,0.40014806389808655,0.13871128857135773,0.40014806389808655,0.2758065462112427,0.18533414602279663,396,
TCGA-XJ-A9DQ-01Z-00-DX1.8B133659-B177-4D12-A81E-4EDDACB3D05B,TCGA-PRAD,2,G4,G4,0.6485905647277832,0.010007882490754128,0.1464492529630661,0.6485905647277832,0.1949523687362671,20410,
TCGA-XJ-A9DX-01A-01-TS1.C68E181A-6D9D-471D-B1DD-21662BC40949,TCGA-PRAD,3,G5,G5,0.31281960010528564,0.18194563686847687,0.2604304850101471,0.2448042631149292,0.31281960010528564,2509,
TCGA-XJ-A9DX-01Z-00-DX1.00C51A57-AF79-446B-BD04-A6809DD8056C,TCGA-PRAD,2,G4,G4,0.5278780460357666,0.008871021680533886,0.11061026155948639,0.5278780460357666,0.3526407480239868,19516,
TCGA-XK-AAIR-01Z-00-DX1.FDE3AE0A-828C-494F-957D-3FCAD7D8CE4A,TCGA-PRAD,3,G5,G5,0.6131536364555359,0.0064935991540551186,0.08056868612766266,0.2997840344905853,0.6131536364555359,3409,
TCGA-XK-AAIV-01A-01-TS1.D90371C6-5451-4EC9-AF0A-26551470F36E,TCGA-PRAD,3,G5,G5,0.321257084608078,0.1958712637424469,0.26316097378730774,0.21971069276332855,0.321257084608078,2480,
TCGA-XK-AAIV-01Z-00-DX1.50BEF025-FAD6-404F-9385-D58C97FC03CC,TCGA-PRAD,3,G5,G5,0.652767539024353,0.03348665311932564,0.09637933224439621,0.21736645698547363,0.652767539024353,6380,
TCGA-XK-AAIW-01A-01-TS1.61B002A3-60BA-4122-A5B2-75BA55588E41,TCGA-PRAD,3,G5,G5,0.29790669679641724,0.2040138840675354,0.26011452078819275,0.2379649132490158,0.29790669679641724,2725,
TCGA-XK-AAIW-01Z-00-DX1.31B98849-4AA9-4AC1-A697-A0C4165976B5,TCGA-PRAD,3,G5,G5,0.585742175579071,0.039074111729860306,0.11175256222486496,0.2634311318397522,0.585742175579071,5769,
TCGA-XK-AAJ3-01Z-00-DX1.48C36FDF-232A-49BC-AAB5-4B8BFB215743,TCGA-PRAD,3,G5,G5,0.5951256155967712,0.005484760273247957,0.06315139681100845,0.33623823523521423,0.5951256155967712,4216,
TCGA-XK-AAJA-01A-01-TS1.135FDF52-185C-4EF1-BA94-303A3B0F0A67,TCGA-PRAD,1,G3,G3,0.2806161344051361,0.21423311531543732,0.2806161344051361,0.23540577292442322,0.26974496245384216,1291,
TCGA-XK-AAJA-01Z-00-DX1.2EE956EF-5DD0-4F42-BAA2-BD375D38E289,TCGA-PRAD,3,G5,G5,0.5169694423675537,0.01316828839480877,0.08914703130722046,0.3807152509689331,0.5169694423675537,6481,
TCGA-XK-AAJP-01Z-00-DX1.D61D88E0-5514-46C0-A197-8DC04A47A82D,TCGA-PRAD,3,G5,G5,0.5187796950340271,0.01622188836336136,0.09555848687887192,0.3694399297237396,0.5187796950340271,3287,
TCGA-XK-AAJR-01Z-00-DX1.4B74631F-EFCB-48AB-93EA-21BA74103F30,TCGA-PRAD,3,G5,G5,0.521548330783844,0.0069000027142465115,0.08155462890863419,0.38999712467193604,0.521548330783844,4872,
TCGA-XK-AAJT-01Z-00-DX1.0ADE397E-A876-4D29-87DD-3B203CC00136,TCGA-PRAD,3,G5,G5,0.5893900394439697,0.011263962835073471,0.07549732178449631,0.323848694562912,0.5893900394439697,2459,
TCGA-XK-AAJU-01A-01-TS1.775F17EB-E0A3-4244-B6D7-90B11C2E33AB,TCGA-PRAD,3,G5,G5,0.4936962425708771,0.004335410427302122,0.06312434375286102,0.4388440251350403,0.4936962425708771,14924,
TCGA-XK-AAJU-01Z-00-DX1.7567CFBB-B292-48C7-A8BF-64C8AA344C9B,TCGA-PRAD,3,G5,G5,0.4936962425708771,0.004335410427302122,0.06312434375286102,0.4388440251350403,0.4936962425708771,14924,
TCGA-XK-AAK1-01Z-00-DX1.5354527B-905C-4F39-B469-3A64D0BC56A2,TCGA-PRAD,3,G5,G5,0.535554051399231,0.013075296767055988,0.08987677842378616,0.36149391531944275,0.535554051399231,1351,
TCGA-XQ-A8TA-01A-01-TS1.26C990FC-F04E-4E9C-AB4D-1199F63D8584,TCGA-PRAD,2,G4,G4,0.29402729868888855,0.17115457355976105,0.25001999735832214,0.29402729868888855,0.2847980856895447,2846,
TCGA-XQ-A8TA-01Z-00-DX1.D1346DCD-E0CC-4914-967E-49B4E901836C,TCGA-PRAD,3,G5,G5,0.42380490899086,0.09454037249088287,0.1811642050743103,0.30049049854278564,0.42380490899086,41551,
TCGA-XQ-A8TA-01Z-00-DX2.72FEBBA8-FCE5-4A41-BA75-E528918DDBBD,TCGA-PRAD,3,G5,G5,0.3806959092617035,0.121731698513031,0.19402936100959778,0.30354300141334534,0.3806959092617035,20046,
TCGA-XQ-A8TB-01A-01-TS1.A7BE5D1C-349A-4F7F-A4EE-D7814DF8400A,TCGA-PRAD,3,G5,G5,0.31316640973091125,0.19639882445335388,0.26587849855422974,0.22455628216266632,0.31316640973091125,2772,
TCGA-XQ-A8TB-01Z-00-DX1.79B47326-1EA9-4892-B5D0-3ACE78FB6E1B,TCGA-PRAD,3,G5,G5,0.5944095253944397,0.0038675975520163774,0.05747251212596893,0.344250351190567,0.5944095253944397,21847,
TCGA-Y6-A8TL-01A-02-TSB.F04A549B-0D2E-47A5-AD64-54883ADEF514,TCGA-PRAD,1,G3,G3,0.3199065923690796,0.20129472017288208,0.3199065923690796,0.23120857775211334,0.24759015440940857,871,
TCGA-Y6-A8TL-01Z-00-DX1.756427EA-E1A0-49CA-8F75-7E1D875F142F,TCGA-PRAD,2,G4,G4,0.557665228843689,0.008189626969397068,0.09146611392498016,0.557665228843689,0.3426789939403534,6254,
TCGA-Y6-A8TL-01Z-00-DX2.61B3C7FE-09DD-4FA7-8C73-BAE974F3DEF4,TCGA-PRAD,2,G4,G4,0.4567776322364807,0.015805834904313087,0.08901188522577286,0.4567776322364807,0.4384046494960785,6907,
TCGA-Y6-A8TL-01Z-00-DX3.5E46977F-4144-486B-8955-717A833291D7,TCGA-PRAD,2,G4,G4,0.5403157472610474,0.02335301786661148,0.10465376079082489,0.5403157472610474,0.33167746663093567,16735,
TCGA-Y6-A8TL-01Z-00-DX4.06A0D9F3-FCBC-42D1-8CF0-2FAAAADC0BAC,TCGA-PRAD,2,G4,G4,0.43942317366600037,0.057642873376607895,0.13899265229701996,0.43942317366600037,0.3639412820339203,15880,
TCGA-Y6-A8TL-01Z-00-DX5.C3FD0E07-99D5-4786-9CFC-01B8FC5AC4E4,TCGA-PRAD,2,G4,G4,0.42220816016197205,0.04903557524085045,0.13673605024814606,0.42220816016197205,0.39202022552490234,11374,
TCGA-Y6-A9XI-01A-01-TSA.4066C308-9C8B-475A-B22B-CBA72743D0BE,TCGA-PRAD,1,G3,G3,0.30416935682296753,0.2005285918712616,0.30416935682296753,0.23297278583049774,0.2623292803764343,2296,
TCGA-Y6-A9XI-01Z-00-DX1.BCEC7405-546D-4CF3-90F3-9620C0A74B63,TCGA-PRAD,3,G5,G5,0.5697035789489746,0.019147541373968124,0.08269613981246948,0.32845279574394226,0.5697035789489746,11412,
TCGA-Y6-A9XI-01Z-00-DX2.43D8478F-EE66-414A-81B4-401AF1D50246,TCGA-PRAD,3,G5,G5,0.5707272291183472,0.020119784399867058,0.08322221040725708,0.32593071460723877,0.5707272291183472,9355,
TCGA-Y6-A9XI-01Z-00-DX3.167452BB-33BA-4C13-9795-371CEAA8527D,TCGA-PRAD,3,G5,G5,0.5353533625602722,0.021330561488866806,0.09148359298706055,0.3518325090408325,0.5353533625602722,8911,
TCGA-Y6-A9XI-01Z-00-DX4.46354624-5C2E-4E43-A73D-FC530D90068D,TCGA-PRAD,3,G5,G5,0.518651008605957,0.014024225063621998,0.07576217502355576,0.3915625810623169,0.518651008605957,18631,
TCGA-Y6-A9XI-01Z-00-DX5.C484E378-EF4C-4F91-ACC0-53FFC48F166F,TCGA-PRAD,2,G4,G4,0.5262215733528137,0.0240646805614233,0.10598529875278473,0.5262215733528137,0.3437284231185913,19007,
TCGA-Y6-A9XI-01Z-00-DX6.1AA896B6-F5CA-4394-BDC0-7B0B9686854F,TCGA-PRAD,2,G4,G4,0.4049784243106842,0.07710420340299606,0.1639387607574463,0.4049784243106842,0.35397863388061523,15585,
TCGA-YJ-A8SW-01A-01-TSA.B5FDC456-41FD-4A6B-86AF-342C253BF2EE,TCGA-PRAD,3,G5,G5,0.30118289589881897,0.21939396858215332,0.259315550327301,0.22010760009288788,0.30118289589881897,3232,
TCGA-YL-A8HJ-01A-01-TSA.2DA5DB1D-109B-40FB-A53A-2AFDCC5B499D,TCGA-PRAD,3,G5,G5,0.3062320649623871,0.18498212099075317,0.27463284134864807,0.2341529279947281,0.3062320649623871,810,
TCGA-YL-A8HJ-01Z-00-DX1.7C6FAED0-CD7C-4EC5-BEB0-5FF40E1089C6,TCGA-PRAD,3,G5,G5,0.6621684432029724,0.004484809469431639,0.06250473856925964,0.270842045545578,0.6621684432029724,13932,
TCGA-YL-A8HK-01A-01-TSA.F34A1AFE-39C4-48BE-BB64-273A48689ED5,TCGA-PRAD,3,G5,G5,0.282703161239624,0.21399906277656555,0.26638519763946533,0.2369125485420227,0.282703161239624,2933,
TCGA-YL-A8HK-01Z-00-DX1.9A095D1F-A8CA-4BE4-9B42-83BC45FE54D7,TCGA-PRAD,3,G5,G5,0.6311179995536804,0.002372150542214513,0.0379621647298336,0.32854777574539185,0.6311179995536804,20734,
TCGA-YL-A8HL-01A-01-TSA.44156110-199F-4D94-9402-B94066EB689F,TCGA-PRAD,3,G5,G5,0.30074504017829895,0.16359344124794006,0.29836878180503845,0.23729273676872253,0.30074504017829895,955,
TCGA-YL-A8HL-01Z-00-DX1.B3D15BCD-20BE-4ACF-8837-B766FD9893CC,TCGA-PRAD,3,G5,G5,0.81931072473526,0.0057674297131598,0.03396230936050415,0.14095951616764069,0.81931072473526,21550,
TCGA-YL-A8HM-01A-01-TSA.9AB76A14-D129-44B9-866F-5C6C3C8BEFD6,TCGA-PRAD,3,G5,G5,0.2744644284248352,0.2205323725938797,0.2642842233181,0.24071890115737915,0.2744644284248352,2773,
TCGA-YL-A8HM-01Z-00-DX1.FE98403B-ABE4-4E5E-B036-FD590741FB11,TCGA-PRAD,3,G5,G5,0.6626195907592773,0.008259625174105167,0.05747266113758087,0.271648108959198,0.6626195907592773,10619,
TCGA-YL-A8HO-01A-01-TSA.2FCEFD51-8F69-412E-8285-A2E470621DDA,TCGA-PRAD,1,G3,G3,0.3064205050468445,0.21152327954769135,0.3064205050468445,0.22509123384952545,0.2569649815559387,3693,
TCGA-YL-A8HO-01Z-00-DX1.5ECDCA17-3ED8-49CD-89AC-A31C7F0E6FA9,TCGA-PRAD,3,G5,G5,0.6331401467323303,0.010154921561479568,0.06722677499055862,0.2894781529903412,0.6331401467323303,22026,
TCGA-YL-A8S8-01A-01-TS1.0C445E59-7170-4F3D-A93F-BDA884376FA3,TCGA-PRAD,3,G5,G5,0.2965119481086731,0.1900489628314972,0.2686987519264221,0.2447403073310852,0.2965119481086731,3489,
TCGA-YL-A8S8-01Z-00-DX1.54845009-AA3A-4507-9FB6-5C1D11174997,TCGA-PRAD,3,G5,G5,0.5951308608055115,0.004110326524823904,0.05635765194892883,0.34440118074417114,0.5951308608055115,21558,
TCGA-YL-A8S9-01A-01-TSA.36E5A73B-1F8B-499C-B3AE-D756E90695FA,TCGA-PRAD,1,G3,G3,0.2970203459262848,0.17149339616298676,0.2970203459262848,0.25492703914642334,0.27655917406082153,3866,
TCGA-YL-A8S9-01Z-00-DX1.AFA8D391-BD8D-4A68-B779-7C10C2977DAC,TCGA-PRAD,3,G5,G5,0.7726502418518066,0.001966144423931837,0.02564755268394947,0.19973602890968323,0.7726502418518066,10718,
TCGA-YL-A8SA-01A-02-TSB.71FC9496-3817-4694-A5FD-272C5678442F,TCGA-PRAD,3,G5,G5,0.28996533155441284,0.1936141550540924,0.27691158652305603,0.2395089715719223,0.28996533155441284,2033,
TCGA-YL-A8SA-01Z-00-DX1.B246D547-9875-42DB-8BD9-206C449EF089,TCGA-PRAD,3,G5,G5,0.71787428855896,0.004190367180854082,0.04290100187063217,0.23503433167934418,0.71787428855896,19286,
TCGA-YL-A8SB-01A-03-TS3.0EF52F97-A16A-4BC4-8237-B817B330065E,TCGA-PRAD,1,G3,G3,0.29593849182128906,0.1863875389099121,0.29593849182128906,0.2323717176914215,0.2853022515773773,3024,
TCGA-YL-A8SB-01Z-00-DX1.6E3A9961-7A7E-456F-B703-4920FCC79425,TCGA-PRAD,3,G5,G5,0.7212199568748474,0.003127422882243991,0.034995075315237045,0.24065753817558289,0.7212199568748474,20396,
TCGA-YL-A8SC-01A-01-TSA.F9DD8CF3-5F18-4572-81AE-E6E1831C960C,TCGA-PRAD,3,G5,G5,0.31881916522979736,0.1315895915031433,0.2925025522708893,0.25708866119384766,0.31881916522979736,2017,
TCGA-YL-A8SC-01Z-00-DX1.B8CD6404-5586-44B1-A7AF-B7054BFA68B3,TCGA-PRAD,3,G5,G5,0.8255611062049866,0.005787475034594536,0.030938299372792244,0.13771310448646545,0.8255611062049866,17256,
TCGA-YL-A8SF-01A-01-TSA.1FFC5593-556A-4785-BFEC-1069188A80B6,TCGA-PRAD,3,G5,G5,0.3056148588657379,0.1912580132484436,0.2811436951160431,0.2219834327697754,0.3056148588657379,4246,
TCGA-YL-A8SF-01Z-00-DX1.CD189160-0B4D-4450-87DD-9877409E11CA,TCGA-PRAD,3,G5,G5,0.7695521712303162,0.004313331563025713,0.037327248603105545,0.18880723416805267,0.7695521712303162,27318,
TCGA-YL-A8SH-01B-01-TSA.47547F89-BC20-4C46-ABD6-73C311C338AB,TCGA-PRAD,3,G5,G5,0.31554707884788513,0.16772496700286865,0.27809861302375793,0.23862937092781067,0.31554707884788513,3398,
TCGA-YL-A8SH-01Z-00-DX1.11EC242B-C4D2-46E3-9E8F-3BA5A508D046,TCGA-PRAD,3,G5,G5,0.5302789211273193,0.005873449146747589,0.05520264431834221,0.40864500403404236,0.5302789211273193,15770,
TCGA-YL-A8SH-01Z-00-DX2.2B25B4BE-0236-44E4-A04E-498C45AEA23B,TCGA-PRAD,3,G5,G5,0.4965115189552307,0.00411998713389039,0.05840526521205902,0.44096317887306213,0.4965115189552307,19034,
TCGA-YL-A8SH-01Z-00-DX3.5E1F7D7F-1081-4EBF-A924-CDDDBF838CE5,TCGA-PRAD,3,G5,G5,0.6936801075935364,0.003970593214035034,0.03291523829102516,0.2694341242313385,0.6936801075935364,15586,
TCGA-YL-A8SH-01Z-00-DX4.3270B417-4F55-464B-9D87-3A1274062429,TCGA-PRAD,2,G4,G4,0.4651382267475128,0.008883475326001644,0.0845063105225563,0.4651382267475128,0.4414719045162201,15418,
TCGA-YL-A8SI-01A-01-TSA.E1A0AFF5-CD6F-4E05-BE6F-C76F1864363D,TCGA-PRAD,1,G3,G3,0.30400222539901733,0.1668580025434494,0.30400222539901733,0.23575903475284576,0.2933807075023651,2064,
TCGA-YL-A8SI-01Z-00-DX1.35E5FB1A-9AAC-4942-892B-E9D80F6BDA23,TCGA-PRAD,3,G5,G5,0.6547814011573792,0.0033697381149977446,0.0337226428091526,0.3081262707710266,0.6547814011573792,11818,
TCGA-YL-A8SI-01Z-00-DX2.5B7B6A5E-7683-47AF-9070-8994B40A325C,TCGA-PRAD,3,G5,G5,0.5347623825073242,0.00493544340133667,0.05219966545701027,0.40810254216194153,0.5347623825073242,13561,
TCGA-YL-A8SI-01Z-00-DX3.C8A7B059-B474-4465-92AA-2F8D99745206,TCGA-PRAD,3,G5,G5,0.7251003384590149,0.0036765956319868565,0.029889430850744247,0.24133366346359253,0.7251003384590149,16176,
TCGA-YL-A8SJ-01B-01-TSA.A0CD7212-21C7-4589-9149-82486D050A42,TCGA-PRAD,3,G5,G5,0.31265896558761597,0.22793661057949066,0.24891389906406403,0.21049055457115173,0.31265896558761597,6004,
TCGA-YL-A8SJ-01Z-00-DX1.FE930A8E-20F9-4D8D-9D98-03D2BB58927A,TCGA-PRAD,3,G5,G5,0.6017396450042725,0.006349082104861736,0.05938625708222389,0.33252501487731934,0.6017396450042725,23312,
TCGA-YL-A8SJ-01Z-00-DX2.36E46E11-79CA-4356-B68F-F387219B3D16,TCGA-PRAD,3,G5,G5,0.6991848349571228,0.011510700918734074,0.06090512499213219,0.22839930653572083,0.6991848349571228,20791,
TCGA-YL-A8SJ-01Z-00-DX3.C3493DD6-8AB2-42D2-A9A3-A155324D2735,TCGA-PRAD,3,G5,G5,0.5557284951210022,0.022477220743894577,0.09800182282924652,0.323792427778244,0.5557284951210022,16403,
TCGA-YL-A8SJ-01Z-00-DX4.331994CE-8283-4A45-8670-0015B123A336,TCGA-PRAD,3,G5,G5,0.5228878855705261,0.014664080925285816,0.08914124220609665,0.3733067810535431,0.5228878855705261,18706,
TCGA-YL-A8SK-01B-02-TSB.584CE622-2AE8-421A-855F-DB7CFBAE45AF,TCGA-PRAD,3,G5,G5,0.29611736536026,0.257537841796875,0.24810753762722015,0.19823725521564484,0.29611736536026,3840,
TCGA-YL-A8SK-01Z-00-DX1.806C30FC-7C27-46A5-8EF7-BBCC5D8738DC,TCGA-PRAD,3,G5,G5,0.7448549270629883,0.008699196390807629,0.04318038374185562,0.20326553285121918,0.7448549270629883,9818,
TCGA-YL-A8SK-01Z-00-DX2.AFB7A0C8-33A5-4D5F-AA0F-428E79FD03F6,TCGA-PRAD,3,G5,G5,0.7803818583488464,0.006954323500394821,0.03653787449002266,0.17612594366073608,0.7803818583488464,15121,
TCGA-YL-A8SK-01Z-00-DX3.6DB3959A-555D-433E-94D2-58E7C37CA01B,TCGA-PRAD,3,G5,G5,0.7900349497795105,0.004869023337960243,0.029305100440979004,0.17579089105129242,0.7900349497795105,14612,
TCGA-YL-A8SK-01Z-00-DX4.E81BAE2E-4003-40C6-810D-5E3B600C4E05,TCGA-PRAD,3,G5,G5,0.6601399183273315,0.0029523393604904413,0.030456015840172768,0.3064517080783844,0.6601399183273315,15749,
TCGA-YL-A8SL-01B-02-TSB.508A4D04-7663-4BE1-B015-307E9449FFF0,TCGA-PRAD,3,G5,G5,0.30434924364089966,0.22006705403327942,0.2502341568470001,0.22534960508346558,0.30434924364089966,1583,
TCGA-YL-A8SL-01Z-00-DX1.6758D124-1154-4D76-8569-72A1C148F64C,TCGA-PRAD,3,G5,G5,0.47689759731292725,0.004775046370923519,0.05289628729224205,0.46543097496032715,0.47689759731292725,15827,
TCGA-YL-A8SL-01Z-00-DX2.F64D1539-E590-4B51-96B4-1F95CAE6E33A,TCGA-PRAD,3,G5,G5,0.5824734568595886,0.00855973083525896,0.05845429748296738,0.3505125045776367,0.5824734568595886,22116,
TCGA-YL-A8SL-01Z-00-DX3.D85D40A5-172E-4A33-97BE-54EF0FC01A75,TCGA-PRAD,3,G5,G5,0.4885968565940857,0.004525663331151009,0.04972357675433159,0.457153856754303,0.4885968565940857,18398,
TCGA-YL-A8SL-01Z-00-DX4.EBF80535-B360-4F82-BBC2-C9092D1E23FC,TCGA-PRAD,3,G5,G5,0.612441897392273,0.007792486343532801,0.053942322731018066,0.32582327723503113,0.612441897392273,21730,
TCGA-YL-A8SO-01B-03-TSC.18585A82-3468-458B-BE99-BE0E03BF48BF,TCGA-PRAD,3,G5,G5,0.28494688868522644,0.2340625822544098,0.25864624977111816,0.22234424948692322,0.28494688868522644,2802,
TCGA-YL-A8SO-01Z-00-DX1.88A5DA1C-0C10-471D-8328-F99106923532,TCGA-PRAD,3,G5,G5,0.7707946300506592,0.009250258095562458,0.04398152977228165,0.175973579287529,0.7707946300506592,22516,
TCGA-YL-A8SP-01B-01-TSA.9C8F6607-F12D-4FFF-A214-718AFDAED8AE,TCGA-PRAD,3,G5,G5,0.30564844608306885,0.21058090031147003,0.25102272629737854,0.232747882604599,0.30564844608306885,3528,
TCGA-YL-A8SP-01Z-00-DX1.4F1DBA34-DA6D-4DBA-B765-6720A6DDAA21,TCGA-PRAD,3,G5,G5,0.7584269046783447,0.02134927548468113,0.06123991310596466,0.15898387134075165,0.7584269046783447,33151,
TCGA-YL-A8SQ-01B-01-TSA.78F9A461-E73E-41A1-8BFB-242F4DEDB4DE,TCGA-PRAD,3,G5,G5,0.3159847855567932,0.19673511385917664,0.25976046919822693,0.22751961648464203,0.3159847855567932,3390,
TCGA-YL-A8SQ-01Z-00-DX1.0DFEF9A0-9C25-46F9-8EB4-96844346F236,TCGA-PRAD,3,G5,G5,0.8109089136123657,0.0032046432606875896,0.025398923084139824,0.16048750281333923,0.8109089136123657,16347,
TCGA-YL-A8SR-01B-01-TSA.EA0815AA-B984-4C63-A90E-8E832E1E2A3A,TCGA-PRAD,3,G5,G5,0.2758287787437439,0.23161672055721283,0.27316564321517944,0.21938885748386383,0.2758287787437439,5159,
TCGA-YL-A8SR-01Z-00-DX1.0F54981A-9952-4CC8-BDC3-4EDA16739F22,TCGA-PRAD,3,G5,G5,0.7155849933624268,0.009045962244272232,0.05383637174963951,0.2215326577425003,0.7155849933624268,17029,
TCGA-YL-A9WH-01A-01-TS1.0AC72DF1-8DD2-4502-818A-26AFD25A6FEA,TCGA-PRAD,3,G5,G5,0.31114909052848816,0.1976826786994934,0.25310948491096497,0.23805871605873108,0.31114909052848816,2198,
TCGA-YL-A9WH-01Z-00-DX1.7240AB29-F661-4456-A68D-B0FF40F553B8,TCGA-PRAD,3,G5,G5,0.5125063061714172,0.012484821490943432,0.10081426799297333,0.3741946220397949,0.5125063061714172,18466,
TCGA-YL-A9WI-01A-01-TS1.982424C1-50D5-4F15-8210-A9A4994C680D,TCGA-PRAD,3,G5,G5,0.32756802439689636,0.18999440968036652,0.24928705394268036,0.23315057158470154,0.32756802439689636,2763,
TCGA-YL-A9WI-01Z-00-DX1.7BEF88F1-9093-41C0-834C-7DD4A332455E,TCGA-PRAD,3,G5,G5,0.7904639840126038,0.0026614463422447443,0.024766329675912857,0.18210814893245697,0.7904639840126038,14984,
TCGA-YL-A9WI-01Z-00-DX2.33951B3A-6591-471C-9F4F-EAAEF761CBEE,TCGA-PRAD,3,G5,G5,0.8034434914588928,0.0021214932203292847,0.020449088886380196,0.17398589849472046,0.8034434914588928,22479,
TCGA-YL-A9WI-01Z-00-DX3.51D0394E-FB44-4878-B761-9460D3833207,TCGA-PRAD,3,G5,G5,0.7330284714698792,0.0030924801249057055,0.031481754034757614,0.23239724338054657,0.7330284714698792,20018,
TCGA-YL-A9WI-01Z-00-DX4.DD0313AF-7339-45F1-B3CF-AE9C20679E7F,TCGA-PRAD,3,G5,G5,0.4998907744884491,0.0022701306734234095,0.043836962431669235,0.45400211215019226,0.4998907744884491,18025,
TCGA-YL-A9WJ-01A-01-TSA.9E99CB4C-DBA6-40F5-AB4B-38C2EBF3F9C4,TCGA-PRAD,1,G3,G3,0.28886231780052185,0.1924673616886139,0.28886231780052185,0.23581410944461823,0.28285619616508484,3739,
TCGA-YL-A9WJ-01Z-00-DX1.ECE31D79-8A8E-45DB-8BC4-97B303D38B1B,TCGA-PRAD,3,G5,G5,0.7703555226325989,0.0030426536686718464,0.036155134439468384,0.190446674823761,0.7703555226325989,14969,
TCGA-YL-A9WK-01A-01-TSA.796176F2-FD1C-4CD6-8D1C-81CC81C36FEF,TCGA-PRAD,3,G5,G5,0.297828733921051,0.22371453046798706,0.25949326157569885,0.21896350383758545,0.297828733921051,3526,
TCGA-YL-A9WK-01Z-00-DX1.8541045E-7FD4-4E74-BA15-9A0F57AF6BBA,TCGA-PRAD,3,G5,G5,0.6161492466926575,0.010085470043122768,0.0688263550400734,0.3049388825893402,0.6161492466926575,37302,
TCGA-YL-A9WL-01A-01-TSA.2339347C-F602-42E7-93CD-6E14C9DE12D6,TCGA-PRAD,3,G5,G5,0.2732667922973633,0.2170657217502594,0.26896822452545166,0.24069932103157043,0.2732667922973633,1723,
TCGA-YL-A9WL-01Z-00-DX1.4EE10C9A-18EA-4DB0-BE29-06F6A75FE5A0,TCGA-PRAD,3,G5,G5,0.726205050945282,0.005451503209769726,0.039464071393013,0.2288794219493866,0.726205050945282,12247,
TCGA-YL-A9WX-01A-02-TSB.BA6CDC4A-862D-4A80-A90D-581D1474BF13,TCGA-PRAD,3,G5,G5,0.33222612738609314,0.18703213334083557,0.26382142305374146,0.21692033112049103,0.33222612738609314,4110,
TCGA-YL-A9WX-01Z-00-DX1.20B40B9A-C210-419D-B9A2-391DC92D9B7A,TCGA-PRAD,3,G5,G5,0.7358525395393372,0.0082383519038558,0.05119941756129265,0.20470966398715973,0.7358525395393372,8918,
TCGA-YL-A9WY-01A-01-TSA.C81E8CA7-C143-4147-B4F6-F60AE917CFF1,TCGA-PRAD,3,G5,G5,0.30226391553878784,0.20947648584842682,0.260549396276474,0.22771020233631134,0.30226391553878784,1978,
TCGA-YL-A9WY-01Z-00-DX1.16415C29-1D79-4560-8F49-633F37F2804E,TCGA-PRAD,3,G5,G5,0.8168103694915771,0.011656975373625755,0.04167884215712547,0.12985381484031677,0.8168103694915771,20832,
TCGA-ZG-A8QW-01A-01-TSA.0C287A6F-F314-4DBA-8C57-09E6D58C88AD,TCGA-PRAD,3,G5,G5,0.2935348451137543,0.20827728509902954,0.2694455683231354,0.228742316365242,0.2935348451137543,3654,
TCGA-ZG-A8QX-01A-01-TSA.65DD11E4-1DEF-458D-9E44-C29C2521949D,TCGA-PRAD,3,G5,G5,0.30445152521133423,0.18346010148525238,0.27100318670272827,0.24108515679836273,0.30445152521133423,2672,
TCGA-ZG-A8QY-01A-01-TSA.BFE95B53-91F9-4359-BA28-E78E29018CE0,TCGA-PRAD,3,G5,G5,0.27734023332595825,0.24842475354671478,0.25062525272369385,0.22360976040363312,0.27734023332595825,3722,
TCGA-ZG-A8QZ-01A-01-TSA.9A8D8289-1454-4B4C-AE31-305A5464BB27,TCGA-PRAD,3,G5,G5,0.29412296414375305,0.21211962401866913,0.27420565485954285,0.21955180168151855,0.29412296414375305,5502,
TCGA-ZG-A9KY-01A-01-TSA.19DDB515-C828-4753-987A-1B44FB773DED,TCGA-PRAD,3,G5,G5,0.2719075679779053,0.1949695497751236,0.2655411958694458,0.2675817012786865,0.2719075679779053,2687,
TCGA-ZG-A9L0-01A-01-TSA.280B1A28-E0DA-4176-A302-BE64AA1DAEA8,TCGA-PRAD,1,G3,G3,0.27692970633506775,0.20810723304748535,0.27692970633506775,0.25301215052604675,0.26195093989372253,3396,
TCGA-ZG-A9L1-01A-01-TSA.86D636E3-1834-4073-A01E-1E92163FD9BE,TCGA-PRAD,0,Normal,Normal,0.27736741304397583,0.27736741304397583,0.2528260350227356,0.1943410485982895,0.2754655182361603,3934,
TCGA-ZG-A9L2-01A-03-TSC.9DB5D318-4F64-4A97-A77D-04A61CBFA3B3,TCGA-PRAD,0,Normal,Normal,0.28012388944625854,0.28012388944625854,0.25877273082733154,0.20219863951206207,0.25890475511550903,4001,
TCGA-ZG-A9L4-01A-01-TSA.2B1A31BA-CE0D-454E-90F4-3411A490C0F7,TCGA-PRAD,0,Normal,Normal,0.26884347200393677,0.26884347200393677,0.26053404808044434,0.20993399620056152,0.2606884837150574,4535,
TCGA-ZG-A9L5-01A-01-TSA.274FC8F8-BF56-41C1-892D-316D4E55CCF9,TCGA-PRAD,3,G5,G5,0.33576175570487976,0.21391668915748596,0.24523140490055084,0.20509012043476105,0.33576175570487976,4379,
TCGA-ZG-A9L6-01A-01-TSA.EA3A5EEE-985F-4C72-A0B5-8A1D9F0C8180,TCGA-PRAD,1,G3,G3,0.292961448431015,0.17850661277770996,0.292961448431015,0.2397976666688919,0.28873419761657715,5824,
TCGA-ZG-A9L9-01A-01-TSA.2DD3C7A9-8B07-4A8A-A3EA-9A95D537833E,TCGA-PRAD,3,G5,G5,0.2788185775279999,0.27271032333374023,0.2506043314933777,0.19786682724952698,0.2788185775279999,4180,
TCGA-ZG-A9LB-01A-01-TSA.56576C68-7C1D-428A-991F-879433C63291,TCGA-PRAD,1,G3,G3,0.29035767912864685,0.1913110613822937,0.29035767912864685,0.22850340604782104,0.2898278832435608,3941,
TCGA-ZG-A9LM-01A-01-TSA.B81D5DD3-9C4C-4A14-84F6-4056A64A0F89,TCGA-PRAD,3,G5,G5,0.32078278064727783,0.19534194469451904,0.2602633833885193,0.22361192107200623,0.32078278064727783,4335,
TCGA-ZG-A9LN-01A-01-TS1.D49E3571-48C6-476B-9A50-96E113DA4968,TCGA-PRAD,1,G3,G3,0.2729020416736603,0.24828986823558807,0.2729020416736603,0.2099527269601822,0.26885533332824707,3607,
TCGA-ZG-A9LS-01A-01-TSA.A9224B8C-B844-4084-909A-B1E2F0C1D645,TCGA-PRAD,3,G5,G5,0.3012664020061493,0.19809401035308838,0.2582409083843231,0.2423987090587616,0.3012664020061493,4904,
TCGA-ZG-A9LU-01A-01-TSA.255C0B9F-A490-48B7-A4EE-709493F565E2,TCGA-PRAD,3,G5,G5,0.2918946146965027,0.21199212968349457,0.27517926692962646,0.22093400359153748,0.2918946146965027,2869,
TCGA-ZG-A9LY-01A-01-TSA.C74D39B1-068A-4519-9B39-62C4F4809FB8,TCGA-PRAD,3,G5,G5,0.2893027365207672,0.20416764914989471,0.2690114378929138,0.23751820623874664,0.2893027365207672,3589,
TCGA-ZG-A9LZ-01A-01-TSA.3A6A9A84-5007-4B87-B13C-DE98FEB23631,TCGA-PRAD,3,G5,G5,0.2724539339542389,0.24934861063957214,0.2599341869354248,0.21826325356960297,0.2724539339542389,5500,
TCGA-ZG-A9M4-01A-01-TSA.D8DA1306-A333-4AEE-87DE-CA60405F0585,TCGA-PRAD,3,G5,G5,0.3119397759437561,0.23889921605587006,0.2359938770532608,0.21316717565059662,0.3119397759437561,3515,
TCGA-ZG-A9MC-01A-03-TSC.49832D2F-419B-4AAA-9930-D7E37AD32A42,TCGA-PRAD,3,G5,G5,0.29262715578079224,0.26546505093574524,0.2457156479358673,0.19619213044643402,0.29262715578079224,2543,
TCGA-ZG-A9N3-01A-01-TSA.E24427FE-D909-4E15-A4B6-9121477BA5E0,TCGA-PRAD,3,G5,G5,0.28466105461120605,0.24668782949447632,0.2552644610404968,0.2133866250514984,0.28466105461120605,1732,
TCGA-ZG-A9ND-01A-01-TS1.9DDEF1F8-A719-4FCD-B6F2-EEECD747B9D5,TCGA-PRAD,1,G3,G3,0.2888450622558594,0.16229507327079773,0.2888450622558594,0.2665141224861145,0.2823457717895508,2165,
TCGA-ZG-A9NI-01A-01-TSA.116F3646-19FA-4A74-B2BB-F4B677B0F3FA,TCGA-PRAD,3,G5,G5,0.2944144904613495,0.202175110578537,0.2702868580818176,0.2331235408782959,0.2944144904613495,2861,
